{"vertices":[[0.5,1.538841769,0.5,1.207106781],[0.5,1.538841769,1.207106781,-0.5],[0.5,1.538841769,-0.5,-1.207106781],[0.5,1.538841769,-1.207106781,0.5],[1.309016994,0.9510565163,1.207106781,0.5],[1.309016994,0.9510565163,0.5,-1.207106781],[1.309016994,0.9510565163,-1.207106781,-0.5],[1.309016994,0.9510565163,-0.5,1.207106781],[1.618033989,9.907600726e-17,0.5,1.207106781],[1.618033989,9.907600726e-17,1.207106781,-0.5],[1.618033989,9.907600726e-17,-0.5,-1.207106781],[1.618033989,9.907600726e-17,-1.207106781,0.5],[1.309016994,-0.9510565163,1.207106781,0.5],[1.309016994,-0.9510565163,0.5,-1.207106781],[1.309016994,-0.9510565163,-1.207106781,-0.5],[1.309016994,-0.9510565163,-0.5,1.207106781],[0.5,-1.538841769,0.5,1.207106781],[0.5,-1.538841769,1.207106781,-0.5],[0.5,-1.538841769,-0.5,-1.207106781],[0.5,-1.538841769,-1.207106781,0.5],[-0.5,-1.538841769,1.207106781,0.5],[-0.5,-1.538841769,0.5,-1.207106781],[-0.5,-1.538841769,-1.207106781,-0.5],[-0.5,-1.538841769,-0.5,1.207106781],[-1.309016994,-0.9510565163,0.5,1.207106781],[-1.309016994,-0.9510565163,1.207106781,-0.5],[-1.309016994,-0.9510565163,-0.5,-1.207106781],[-1.309016994,-0.9510565163,-1.207106781,0.5],[-1.618033989,-2.972280218e-16,1.207106781,0.5],[-1.618033989,-2.972280218e-16,0.5,-1.207106781],[-1.618033989,-2.972280218e-16,-1.207106781,-0.5],[-1.618033989,-2.972280218e-16,-0.5,1.207106781],[-1.309016994,0.9510565163,0.5,1.207106781],[-1.309016994,0.9510565163,1.207106781,-0.5],[-1.309016994,0.9510565163,-0.5,-1.207106781],[-1.309016994,0.9510565163,-1.207106781,0.5],[-0.5,1.538841769,1.207106781,0.5],[-0.5,1.538841769,0.5,-1.207106781],[-0.5,1.538841769,-1.207106781,-0.5],[-0.5,1.538841769,-0.5,1.207106781]],"facetCenters":[[0.0,1.0,0.0,0.0],[0.5877852523,0.8090169944,0.0,0.0],[0.9510565163,0.3090169944,0.0,0.0],[0.9510565163,-0.3090169944,0.0,0.0],[0.5877852523,-0.8090169944,0.0,0.0],[1.224646799e-16,-1.0,0.0,0.0],[-0.5877852523,-0.8090169944,0.0,0.0],[-0.9510565163,-0.3090169944,0.0,0.0],[-0.9510565163,0.3090169944,0.0,0.0],[-0.5877852523,0.8090169944,0.0,0.0],[0.0,0.0,0.0,1.0],[0.0,0.0,0.7071067812,0.7071067812],[0.0,0.0,1.0,6.123233996e-17],[0.0,0.0,0.7071067812,-0.7071067812],[0.0,0.0,1.224646799e-16,-1.0],[0.0,0.0,-0.7071067812,-0.7071067812],[0.0,0.0,-1.0,-1.836970199e-16],[0.0,0.0,-0.7071067812,0.7071067812],[0.5,1.538841769,1.207106781,0.5],[0.5,1.538841769,0.5,-1.207106781],[0.5,1.538841769,-1.207106781,-0.5],[0.5,1.538841769,-0.5,1.207106781],[1.309016994,0.9510565163,0.5,1.207106781],[1.309016994,0.9510565163,1.207106781,-0.5],[1.309016994,0.9510565163,-0.5,-1.207106781],[1.309016994,0.9510565163,-1.207106781,0.5],[1.618033989,9.907600726e-17,1.207106781,0.5],[1.618033989,9.907600726e-17,0.5,-1.207106781],[1.618033989,9.907600726e-17,-1.207106781,-0.5],[1.618033989,9.907600726e-17,-0.5,1.207106781],[1.309016994,-0.9510565163,0.5,1.207106781],[1.309016994,-0.9510565163,1.207106781,-0.5],[1.309016994,-0.9510565163,-0.5,-1.207106781],[1.309016994,-0.9510565163,-1.207106781,0.5],[0.5,-1.538841769,1.207106781,0.5],[0.5,-1.538841769,0.5,-1.207106781],[0.5,-1.538841769,-1.207106781,-0.5],[0.5,-1.538841769,-0.5,1.207106781],[-0.5,-1.538841769,0.5,1.207106781],[-0.5,-1.538841769,1.207106781,-0.5],[-0.5,-1.538841769,-0.5,-1.207106781],[-0.5,-1.538841769,-1.207106781,0.5],[-1.309016994,-0.9510565163,1.207106781,0.5],[-1.309016994,-0.9510565163,0.5,-1.207106781],[-1.309016994,-0.9510565163,-1.207106781,-0.5],[-1.309016994,-0.9510565163,-0.5,1.207106781],[-1.618033989,-2.972280218e-16,0.5,1.207106781],[-1.618033989,-2.972280218e-16,1.207106781,-0.5],[-1.618033989,-2.972280218e-16,-0.5,-1.207106781],[-1.618033989,-2.972280218e-16,-1.207106781,0.5],[-1.309016994,0.9510565163,1.207106781,0.5],[-1.309016994,0.9510565163,0.5,-1.207106781],[-1.309016994,0.9510565163,-1.207106781,-0.5],[-1.309016994,0.9510565163,-0.5,1.207106781],[-0.5,1.538841769,0.5,1.207106781],[-0.5,1.538841769,1.207106781,-0.5],[-0.5,1.538841769,-0.5,-1.207106781],[-0.5,1.538841769,-1.207106781,0.5]],"faces":[[0,1,2,3],[4,5,6,7],[8,9,10,11],[12,13,14,15],[16,17,18,19],[20,21,22,23],[24,25,26,27],[28,29,30,31],[32,33,34,35],[36,37,38,39],[0,8,16,24,32],[4,12,20,28,36],[1,9,17,25,33],[5,13,21,29,37],[2,10,18,26,34],[6,14,22,30,38],[3,11,19,27,35],[7,15,23,31,39],[0,4,7],[0,36,39],[0,7,39],[0,4,36],[1,5,4],[1,37,36],[1,4,36],[1,5,37],[2,6,5],[2,38,37],[2,5,37],[2,6,38],[3,7,6],[3,39,38],[3,6,38],[3,7,39],[4,9,8],[4,1,0],[4,8,0],[4,9,1],[5,10,9],[5,2,1],[5,9,1],[5,10,2],[6,11,10],[6,3,2],[6,10,2],[6,11,3],[7,8,11],[7,0,3],[7,11,3],[7,8,0],[8,12,15],[8,4,7],[8,15,7],[8,12,4],[9,13,12],[9,5,4],[9,12,4],[9,13,5],[10,14,13],[10,6,5],[10,13,5],[10,14,6],[11,15,14],[11,7,6],[11,14,6],[11,15,7],[12,17,16],[12,9,8],[12,16,8],[12,17,9],[13,18,17],[13,10,9],[13,17,9],[13,18,10],[14,19,18],[14,11,10],[14,18,10],[14,19,11],[15,16,19],[15,8,11],[15,19,11],[15,16,8],[16,20,23],[16,12,15],[16,23,15],[16,20,12],[17,21,20],[17,13,12],[17,20,12],[17,21,13],[18,22,21],[18,14,13],[18,21,13],[18,22,14],[19,23,22],[19,15,14],[19,22,14],[19,23,15],[20,25,24],[20,17,16],[20,24,16],[20,25,17],[21,26,25],[21,18,17],[21,25,17],[21,26,18],[22,27,26],[22,19,18],[22,26,18],[22,27,19],[23,24,27],[23,16,19],[23,27,19],[23,24,16],[24,28,31],[24,20,23],[24,31,23],[24,28,20],[25,29,28],[25,21,20],[25,28,20],[25,29,21],[26,30,29],[26,22,21],[26,29,21],[26,30,22],[27,31,30],[27,23,22],[27,30,22],[27,31,23],[28,33,32],[28,25,24],[28,32,24],[28,33,25],[29,34,33],[29,26,25],[29,33,25],[29,34,26],[30,35,34],[30,27,26],[30,34,26],[30,35,27],[31,32,35],[31,24,27],[31,35,27],[31,32,24],[32,36,39],[32,28,31],[32,39,31],[32,36,28],[33,37,36],[33,29,28],[33,36,28],[33,37,29],[34,38,37],[34,30,29],[34,37,29],[34,38,30],[35,39,38],[35,31,30],[35,38,30],[35,39,31],[36,1,0],[36,33,32],[36,0,32],[36,1,33],[37,2,1],[37,34,33],[37,1,33],[37,2,34],[38,3,2],[38,35,34],[38,2,34],[38,3,35],[39,0,3],[39,32,35],[39,3,35],[39,0,32]]}