{"vertices":[[0.666667,1.333333,0.0,0.0],[1.333333,0.666667,0.0,0.0],[0.666667,-1.333333,0.0,0.0],[1.333333,-0.666667,0.0,0.0],[0.666667,0.0,1.333333,0.0],[1.333333,0.0,0.666667,0.0],[0.666667,0.0,-1.333333,0.0],[1.333333,0.0,-0.666667,0.0],[0.666667,0.0,0.0,1.333333],[1.333333,0.0,0.0,0.666667],[0.666667,0.0,0.0,-1.333333],[1.333333,0.0,0.0,-0.666667],[-0.666667,1.333333,0.0,0.0],[-1.333333,0.666667,0.0,0.0],[-0.666667,-1.333333,0.0,0.0],[-1.333333,-0.666667,0.0,0.0],[-0.666667,0.0,1.333333,0.0],[-1.333333,0.0,0.666667,0.0],[-0.666667,0.0,-1.333333,0.0],[-1.333333,0.0,-0.666667,0.0],[-0.666667,0.0,0.0,1.333333],[-1.333333,0.0,0.0,0.666667],[-0.666667,0.0,0.0,-1.333333],[-1.333333,0.0,0.0,-0.666667],[0.0,0.666667,1.333333,0.0],[0.0,1.333333,0.666667,0.0],[0.0,0.666667,-1.333333,0.0],[0.0,1.333333,-0.666667,0.0],[0.0,0.666667,0.0,1.333333],[0.0,1.333333,0.0,0.666667],[0.0,0.666667,0.0,-1.333333],[0.0,1.333333,0.0,-0.666667],[0.0,-0.666667,1.333333,0.0],[0.0,-1.333333,0.666667,0.0],[0.0,-0.666667,-1.333333,0.0],[0.0,-1.333333,-0.666667,0.0],[0.0,-0.666667,0.0,1.333333],[0.0,-1.333333,0.0,0.666667],[0.0,-0.666667,0.0,-1.333333],[0.0,-1.333333,0.0,-0.666667],[0.0,0.0,0.666667,1.333333],[0.0,0.0,1.333333,0.666667],[0.0,0.0,0.666667,-1.333333],[0.0,0.0,1.333333,-0.666667],[0.0,0.0,-0.666667,1.333333],[0.0,0.0,-1.333333,0.666667],[0.0,0.0,-0.666667,-1.333333],[0.0,0.0,-1.333333,-0.666667]],"facetCenters":[[-1.0,0.0,0.0,0.0],[0.0,-1.0,0.0,0.0],[0.0,0.0,-1.0,0.0],[0.0,0.0,0.0,-1.0],[1.0,0.0,0.0,0.0],[0.0,1.0,0.0,0.0],[0.0,0.0,1.0,0.0],[0.0,0.0,0.0,1.0],[-0.5,-0.5,-0.5,-0.5],[-0.5,-0.5,-0.5,0.5],[-0.5,-0.5,0.5,-0.5],[-0.5,-0.5,0.5,0.5],[-0.5,0.5,-0.5,-0.5],[-0.5,0.5,-0.5,0.5],[-0.5,0.5,0.5,-0.5],[-0.5,0.5,0.5,0.5],[0.5,-0.5,-0.5,-0.5],[0.5,-0.5,-0.5,0.5],[0.5,-0.5,0.5,-0.5],[0.5,-0.5,0.5,0.5],[0.5,0.5,-0.5,-0.5],[0.5,0.5,-0.5,0.5],[0.5,0.5,0.5,-0.5],[0.5,0.5,0.5,0.5]],"faces":[[15,19,23],[15,19,21],[15,17,23],[15,17,21],[13,19,23],[13,19,21],[13,17,23],[13,17,21],[14,35,39],[14,35,37],[14,33,39],[14,33,37],[2,35,39],[2,35,37],[2,33,39],[2,33,37],[18,34,47],[18,34,45],[18,26,47],[18,26,45],[6,34,47],[6,34,45],[6,26,47],[6,26,45],[22,38,46],[22,38,42],[22,30,46],[22,30,42],[10,38,46],[10,38,42],[10,30,46],[10,30,42],[3,7,11],[3,7,9],[3,5,11],[3,5,9],[1,7,11],[1,7,9],[1,5,11],[1,5,9],[12,27,31],[12,27,29],[12,25,31],[12,25,29],[0,27,31],[0,27,29],[0,25,31],[0,25,29],[16,32,43],[16,32,41],[16,24,43],[16,24,41],[4,32,43],[4,32,41],[4,24,43],[4,24,41],[20,36,44],[20,36,40],[20,28,44],[20,28,40],[8,36,44],[8,36,40],[8,28,44],[8,28,40],[14,35,34,18,19,15],[14,39,38,22,23,15],[18,47,46,22,23,19],[34,47,46,38,39,35],[14,37,36,20,21,15],[18,45,44,20,21,19],[34,45,44,36,37,35],[14,33,32,16,17,15],[16,43,42,22,23,17],[32,43,42,38,39,33],[16,41,40,20,21,17],[32,41,40,36,37,33],[12,27,26,18,19,13],[12,31,30,22,23,13],[26,47,46,30,31,27],[12,29,28,20,21,13],[26,45,44,28,29,27],[12,25,24,16,17,13],[24,43,42,30,31,25],[24,41,40,28,29,25],[2,35,34,6,7,3],[2,39,38,10,11,3],[6,47,46,10,11,7],[2,37,36,8,9,3],[6,45,44,8,9,7],[2,33,32,4,5,3],[4,43,42,10,11,5],[4,41,40,8,9,5],[0,27,26,6,7,1],[0,31,30,10,11,1],[0,29,28,8,9,1],[0,25,24,4,5,1]]}