{"vertices":[[-1.0,0.0,0.0,0.0],[0.0,-1.0,0.0,0.0],[0.0,0.0,-1.0,0.0],[0.0,0.0,0.0,-1.0],[1.0,0.0,0.0,0.0],[0.0,1.0,0.0,0.0],[0.0,0.0,1.0,0.0],[0.0,0.0,0.0,1.0],[-0.5,-0.5,-0.5,-0.5],[-0.5,-0.5,-0.5,0.5],[-0.5,-0.5,0.5,-0.5],[-0.5,-0.5,0.5,0.5],[-0.5,0.5,-0.5,-0.5],[-0.5,0.5,-0.5,0.5],[-0.5,0.5,0.5,-0.5],[-0.5,0.5,0.5,0.5],[0.5,-0.5,-0.5,-0.5],[0.5,-0.5,-0.5,0.5],[0.5,-0.5,0.5,-0.5],[0.5,-0.5,0.5,0.5],[0.5,0.5,-0.5,-0.5],[0.5,0.5,-0.5,0.5],[0.5,0.5,0.5,-0.5],[0.5,0.5,0.5,0.5]],"facetCenters":[[-0.707107,-0.707107,0.0,0.0],[-0.707107,0.0,-0.707107,0.0],[-0.707107,0.0,0.0,-0.707107],[0.0,-0.707107,-0.707107,0.0],[0.0,-0.707107,0.0,-0.707107],[0.0,0.0,-0.707107,-0.707107],[-0.707107,0.707107,0.0,0.0],[-0.707107,0.0,0.707107,0.0],[-0.707107,0.0,0.0,0.707107],[0.0,-0.707107,0.707107,0.0],[0.0,-0.707107,0.0,0.707107],[0.0,0.0,-0.707107,0.707107],[0.707107,-0.707107,0.0,0.0],[0.707107,0.0,-0.707107,0.0],[0.707107,0.0,0.0,-0.707107],[0.0,0.707107,-0.707107,0.0],[0.0,0.707107,0.0,-0.707107],[0.0,0.0,0.707107,-0.707107],[0.707107,0.707107,0.0,0.0],[0.707107,0.0,0.707107,0.0],[0.707107,0.0,0.0,0.707107],[0.0,0.707107,0.707107,0.0],[0.0,0.707107,0.0,0.707107],[0.0,0.0,0.707107,0.707107]],"faces":[[0,8,9],[0,8,10],[1,8,9],[1,8,10],[0,10,11],[0,9,11],[1,10,11],[1,9,11],[0,8,12],[2,8,9],[2,8,12],[0,12,13],[0,9,13],[2,9,13],[2,12,13],[3,8,10],[3,8,12],[0,12,14],[0,10,14],[3,12,14],[3,10,14],[1,8,16],[2,8,16],[1,9,17],[2,9,17],[1,16,17],[2,16,17],[3,8,16],[1,10,18],[1,16,18],[3,16,18],[3,10,18],[2,16,20],[3,16,20],[2,12,20],[3,12,20],[0,14,15],[0,13,15],[5,12,13],[5,12,14],[5,14,15],[5,13,15],[0,11,15],[6,10,11],[6,10,14],[6,14,15],[6,11,15],[7,9,11],[7,9,13],[7,13,15],[7,11,15],[1,11,19],[1,18,19],[6,10,18],[6,18,19],[6,11,19],[7,9,17],[1,17,19],[7,17,19],[7,11,19],[2,17,21],[2,13,21],[7,17,21],[7,13,21],[4,16,17],[4,16,18],[4,18,19],[4,17,19],[4,16,20],[2,20,21],[4,20,21],[4,17,21],[3,20,22],[3,18,22],[4,20,22],[4,18,22],[5,12,20],[5,20,21],[5,13,21],[3,14,22],[5,20,22],[5,14,22],[6,18,22],[6,14,22],[4,22,23],[4,21,23],[5,22,23],[5,21,23],[4,19,23],[6,22,23],[6,19,23],[7,21,23],[7,19,23],[5,15,23],[6,15,23],[7,15,23]]}