{"vertices":[[-0.75,-0.25,-0.25,-0.25],[-0.75,-0.25,-0.25,0.25],[-0.75,-0.25,0.25,-0.25],[-0.75,-0.25,0.25,0.25],[-0.75,0.25,-0.25,-0.25],[-0.75,0.25,-0.25,0.25],[-0.75,0.25,0.25,-0.25],[-0.75,0.25,0.25,0.25],[-0.25,-0.75,-0.25,-0.25],[-0.25,-0.75,-0.25,0.25],[-0.25,-0.75,0.25,-0.25],[-0.25,-0.75,0.25,0.25],[0.25,-0.75,-0.25,-0.25],[0.25,-0.75,-0.25,0.25],[0.25,-0.75,0.25,-0.25],[0.25,-0.75,0.25,0.25],[-0.25,-0.25,-0.75,-0.25],[-0.25,-0.25,-0.75,0.25],[-0.25,0.25,-0.75,-0.25],[-0.25,0.25,-0.75,0.25],[0.25,-0.25,-0.75,-0.25],[0.25,-0.25,-0.75,0.25],[0.25,0.25,-0.75,-0.25],[0.25,0.25,-0.75,0.25],[-0.25,-0.25,-0.25,-0.75],[-0.25,-0.25,0.25,-0.75],[-0.25,0.25,-0.25,-0.75],[-0.25,0.25,0.25,-0.75],[0.25,-0.25,-0.25,-0.75],[0.25,-0.25,0.25,-0.75],[0.25,0.25,-0.25,-0.75],[0.25,0.25,0.25,-0.75],[0.75,-0.25,-0.25,-0.25],[0.75,-0.25,-0.25,0.25],[0.75,-0.25,0.25,-0.25],[0.75,-0.25,0.25,0.25],[0.75,0.25,-0.25,-0.25],[0.75,0.25,-0.25,0.25],[0.75,0.25,0.25,-0.25],[0.75,0.25,0.25,0.25],[-0.25,0.75,-0.25,-0.25],[-0.25,0.75,-0.25,0.25],[-0.25,0.75,0.25,-0.25],[-0.25,0.75,0.25,0.25],[0.25,0.75,-0.25,-0.25],[0.25,0.75,-0.25,0.25],[0.25,0.75,0.25,-0.25],[0.25,0.75,0.25,0.25],[-0.25,-0.25,0.75,-0.25],[-0.25,-0.25,0.75,0.25],[-0.25,0.25,0.75,-0.25],[-0.25,0.25,0.75,0.25],[0.25,-0.25,0.75,-0.25],[0.25,-0.25,0.75,0.25],[0.25,0.25,0.75,-0.25],[0.25,0.25,0.75,0.25],[-0.25,-0.25,-0.25,0.75],[-0.25,-0.25,0.25,0.75],[-0.25,0.25,-0.25,0.75],[-0.25,0.25,0.25,0.75],[0.25,-0.25,-0.25,0.75],[0.25,-0.25,0.25,0.75],[0.25,0.25,-0.25,0.75],[0.25,0.25,0.25,0.75],[-0.5,-0.5,-0.5,0.0],[-0.5,-0.5,0.0,-0.5],[-0.5,0.0,-0.5,-0.5],[0.0,-0.5,-0.5,-0.5],[-0.5,-0.5,0.0,0.5],[-0.5,0.0,-0.5,0.5],[0.0,-0.5,-0.5,0.5],[-0.5,-0.5,0.5,0.0],[-0.5,0.0,0.5,-0.5],[0.0,-0.5,0.5,-0.5],[-0.5,0.0,0.5,0.5],[0.0,-0.5,0.5,0.5],[-0.5,0.5,-0.5,0.0],[-0.5,0.5,0.0,-0.5],[0.0,0.5,-0.5,-0.5],[-0.5,0.5,0.0,0.5],[0.0,0.5,-0.5,0.5],[-0.5,0.5,0.5,0.0],[0.0,0.5,0.5,-0.5],[0.0,0.5,0.5,0.5],[0.5,-0.5,-0.5,0.0],[0.5,-0.5,0.0,-0.5],[0.5,0.0,-0.5,-0.5],[0.5,-0.5,0.0,0.5],[0.5,0.0,-0.5,0.5],[0.5,-0.5,0.5,0.0],[0.5,0.0,0.5,-0.5],[0.5,0.0,0.5,0.5],[0.5,0.5,-0.5,0.0],[0.5,0.5,0.0,-0.5],[0.5,0.5,0.0,0.5],[0.5,0.5,0.5,0.0]],"facetCenters":[[-0.707107,-0.707107,0.0,0.0],[-0.707107,0.0,-0.707107,0.0],[-0.707107,0.0,0.0,-0.707107],[0.0,-0.707107,-0.707107,0.0],[0.0,-0.707107,0.0,-0.707107],[0.0,0.0,-0.707107,-0.707107],[-0.707107,0.707107,0.0,0.0],[-0.707107,0.0,0.707107,0.0],[-0.707107,0.0,0.0,0.707107],[0.0,-0.707107,0.707107,0.0],[0.0,-0.707107,0.0,0.707107],[0.0,0.0,-0.707107,0.707107],[0.707107,-0.707107,0.0,0.0],[0.707107,0.0,-0.707107,0.0],[0.707107,0.0,0.0,-0.707107],[0.0,0.707107,-0.707107,0.0],[0.0,0.707107,0.0,-0.707107],[0.0,0.0,0.707107,-0.707107],[0.707107,0.707107,0.0,0.0],[0.707107,0.0,0.707107,0.0],[0.707107,0.0,0.0,0.707107],[0.0,0.707107,0.707107,0.0],[0.0,0.707107,0.0,0.707107],[0.0,0.0,0.707107,0.707107],[-1.0,0.0,0.0,0.0],[0.0,-1.0,0.0,0.0],[0.0,0.0,-1.0,0.0],[0.0,0.0,0.0,-1.0],[1.0,0.0,0.0,0.0],[0.0,1.0,0.0,0.0],[0.0,0.0,1.0,0.0],[0.0,0.0,0.0,1.0],[-0.5,-0.5,-0.5,-0.5],[-0.5,-0.5,-0.5,0.5],[-0.5,-0.5,0.5,-0.5],[-0.5,-0.5,0.5,0.5],[-0.5,0.5,-0.5,-0.5],[-0.5,0.5,-0.5,0.5],[-0.5,0.5,0.5,-0.5],[-0.5,0.5,0.5,0.5],[0.5,-0.5,-0.5,-0.5],[0.5,-0.5,-0.5,0.5],[0.5,-0.5,0.5,-0.5],[0.5,-0.5,0.5,0.5],[0.5,0.5,-0.5,-0.5],[0.5,0.5,-0.5,0.5],[0.5,0.5,0.5,-0.5],[0.5,0.5,0.5,0.5]],"faces":[[0,1,64],[0,2,65],[8,9,64],[8,10,65],[2,3,71],[1,3,68],[10,11,71],[9,11,68],[0,4,66],[16,17,64],[16,18,66],[4,5,76],[1,5,69],[17,19,69],[18,19,76],[24,25,65],[24,26,66],[4,6,77],[2,6,72],[26,27,77],[25,27,72],[8,12,67],[16,20,67],[9,13,70],[17,21,70],[12,13,84],[20,21,84],[24,28,67],[10,14,73],[12,14,85],[28,29,85],[25,29,73],[20,22,86],[28,30,86],[18,22,78],[26,30,78],[6,7,81],[5,7,79],[40,41,76],[40,42,77],[42,43,81],[41,43,79],[3,7,74],[48,49,71],[48,50,72],[50,51,81],[49,51,74],[56,57,68],[56,58,69],[58,59,79],[57,59,74],[11,15,75],[14,15,89],[48,52,73],[52,53,89],[49,53,75],[56,60,70],[13,15,87],[60,61,87],[57,61,75],[21,23,88],[19,23,80],[60,62,88],[58,62,80],[32,33,84],[32,34,85],[34,35,89],[33,35,87],[32,36,86],[22,23,92],[36,37,92],[33,37,88],[30,31,93],[29,31,90],[36,38,93],[34,38,90],[40,44,78],[44,45,92],[41,45,80],[27,31,82],[44,46,93],[42,46,82],[52,54,90],[50,54,82],[38,39,95],[37,39,94],[46,47,95],[45,47,94],[35,39,91],[54,55,95],[53,55,91],[62,63,94],[61,63,91],[43,47,83],[51,55,83],[59,63,83],[0,2,3,1],[8,10,11,9],[0,65,8,64],[1,68,9,64],[2,71,10,65],[3,71,11,68],[0,4,5,1],[16,18,19,17],[0,66,16,64],[1,69,17,64],[4,76,18,66],[5,76,19,69],[0,4,6,2],[24,26,27,25],[0,66,24,65],[2,72,25,65],[4,77,26,66],[6,77,27,72],[8,12,13,9],[16,20,21,17],[8,67,16,64],[9,70,17,64],[12,84,20,67],[13,84,21,70],[8,12,14,10],[24,28,29,25],[8,67,24,65],[10,73,25,65],[12,85,28,67],[14,85,29,73],[16,20,22,18],[24,28,30,26],[16,67,24,66],[18,78,26,66],[20,86,28,67],[22,86,30,78],[4,6,7,5],[40,42,43,41],[4,77,40,76],[5,79,41,76],[6,81,42,77],[7,81,43,79],[2,6,7,3],[48,50,51,49],[2,72,48,71],[3,74,49,71],[6,81,50,72],[7,81,51,74],[1,5,7,3],[56,58,59,57],[1,69,56,68],[3,74,57,68],[5,79,58,69],[7,79,59,74],[10,14,15,11],[48,52,53,49],[10,73,48,71],[11,75,49,71],[14,89,52,73],[15,89,53,75],[9,13,15,11],[56,60,61,57],[9,70,56,68],[11,75,57,68],[13,87,60,70],[15,87,61,75],[17,21,23,19],[56,60,62,58],[17,70,56,69],[19,80,58,69],[21,88,60,70],[23,88,62,80],[12,14,15,13],[32,34,35,33],[12,85,32,84],[13,87,33,84],[14,89,34,85],[15,89,35,87],[20,22,23,21],[32,36,37,33],[20,86,32,84],[21,88,33,84],[22,92,36,86],[23,92,37,88],[28,30,31,29],[32,36,38,34],[28,86,32,85],[29,90,34,85],[30,93,36,86],[31,93,38,90],[18,22,23,19],[40,44,45,41],[18,78,40,76],[19,80,41,76],[22,92,44,78],[23,92,45,80],[26,30,31,27],[40,44,46,42],[26,78,40,77],[27,82,42,77],[30,93,44,78],[31,93,46,82],[25,29,31,27],[48,52,54,50],[25,73,48,72],[27,82,50,72],[29,90,52,73],[31,90,54,82],[36,38,39,37],[44,46,47,45],[36,93,44,92],[37,94,45,92],[38,95,46,93],[39,95,47,94],[34,38,39,35],[52,54,55,53],[34,90,52,89],[35,91,53,89],[38,95,54,90],[39,95,55,91],[33,37,39,35],[60,62,63,61],[33,88,60,87],[35,91,61,87],[37,94,62,88],[39,94,63,91],[42,46,47,43],[50,54,55,51],[42,82,50,81],[43,83,51,81],[46,95,54,82],[47,95,55,83],[41,45,47,43],[58,62,63,59],[41,80,58,79],[43,83,59,79],[45,94,62,80],[47,94,63,83],[49,53,55,51],[57,61,63,59],[49,75,57,74],[51,83,59,74],[53,91,61,75],[55,91,63,83]]}