{"vertices":[[-0.279508,0.279508,0.279508,0.375],[0.279508,-0.279508,0.279508,0.375],[0.279508,0.279508,-0.279508,0.375],[-0.279508,-0.279508,-0.279508,0.375],[0.0,0.0,0.559017,-0.25],[0.0,0.559017,0.0,-0.25],[-0.559017,0.0,0.0,-0.25],[0.559017,0.0,0.0,-0.25],[0.0,-0.559017,0.0,-0.25],[0.0,0.0,-0.559017,-0.25]],"facetCenters":[[0.0,0.0,0.0,-1.0],[0.559017,-0.559017,-0.559017,0.25],[-0.559017,0.559017,-0.559017,0.25],[-0.559017,-0.559017,0.559017,0.25],[0.559017,0.559017,0.559017,0.25],[0.0,0.0,0.0,1.0],[-0.559017,0.559017,0.559017,-0.25],[0.559017,-0.559017,0.559017,-0.25],[0.559017,0.559017,-0.559017,-0.25],[-0.559017,-0.559017,-0.559017,-0.25]],"faces":[[7,8,9],[5,6,9],[4,6,8],[4,5,7],[2,3,9],[1,3,8],[1,2,7],[0,3,6],[0,2,5],[0,1,4],[4,5,6],[4,7,8],[5,7,9],[6,8,9],[1,2,3],[1,7,8],[2,7,9],[3,8,9],[0,2,3],[0,5,6],[2,5,9],[3,6,9],[0,1,3],[0,4,6],[1,4,8],[3,6,8],[0,1,2],[0,4,5],[1,4,7],[2,5,7]]}