{"vertices":[[0.0,0.0,0.559017,-0.75],[0.0,0.559017,0.0,-0.75],[-0.559017,0.0,0.0,-0.75],[0.559017,0.0,0.0,-0.75],[0.0,-0.559017,0.0,-0.75],[0.0,0.0,-0.559017,-0.75],[0.559016,-0.559016,0.0,0.5],[0.559016,0.0,-0.559016,0.5],[0.0,-0.559016,-0.559016,0.5],[0.838525,-0.279508,-0.279508,-0.125],[0.279508,-0.838525,-0.279508,-0.125],[0.279508,-0.279508,-0.838525,-0.125],[-0.559016,0.559016,0.0,0.5],[0.0,0.559016,-0.559016,0.5],[-0.559016,0.0,-0.559016,0.5],[-0.279508,0.838525,-0.279508,-0.125],[-0.838525,0.279508,-0.279508,-0.125],[-0.279508,0.279508,-0.838525,-0.125],[-0.559016,0.0,0.559016,0.5],[0.0,-0.559016,0.559016,0.5],[-0.559016,-0.559016,0.0,0.5],[-0.279508,-0.279508,0.838525,-0.125],[-0.838525,-0.279508,0.279508,-0.125],[-0.279508,-0.838525,0.279508,-0.125],[0.0,0.559016,0.559016,0.5],[0.559016,0.0,0.559016,0.5],[0.559016,0.559016,0.0,0.5],[0.279508,0.279508,0.838525,-0.125],[0.279508,0.838525,0.279508,-0.125],[0.838525,0.279508,0.279508,-0.125]],"facetCenters":[[0.0,0.0,0.0,-1.0],[0.559017,-0.559017,-0.559017,0.25],[-0.559017,0.559017,-0.559017,0.25],[-0.559017,-0.559017,0.559017,0.25],[0.559017,0.559017,0.559017,0.25],[0.0,0.0,0.0,1.0],[-0.559017,0.559017,0.559017,-0.25],[0.559017,-0.559017,0.559017,-0.25],[0.559017,0.559017,-0.559017,-0.25],[-0.559017,-0.559017,-0.559017,-0.25],[0.279508,-0.279508,-0.279508,-0.375],[-0.279508,0.279508,-0.279508,-0.375],[-0.279508,-0.279508,0.279508,-0.375],[0.279508,0.279508,0.279508,-0.375],[0.0,0.0,-0.559017,0.25],[0.0,-0.559017,0.0,0.25],[0.559017,0.0,0.0,0.25],[-0.559017,0.0,0.0,0.25],[0.0,0.559017,0.0,0.25],[0.0,0.0,0.559017,0.25]],"faces":[[3,4,5],[1,2,5],[0,2,4],[0,1,3],[9,10,11],[7,8,11],[6,8,10],[6,7,9],[15,16,17],[13,14,17],[12,14,16],[12,13,15],[21,22,23],[19,20,23],[18,20,22],[18,19,21],[27,28,29],[25,26,29],[24,26,28],[24,25,27],[3,9,11,10,4,5],[1,15,17,16,2,5],[0,21,23,22,2,4],[0,27,29,28,1,3],[0,1,2],[0,3,4],[1,3,5],[2,4,5],[7,13,17,14,8,11],[6,19,23,20,8,10],[6,25,29,26,7,9],[6,7,8],[6,9,10],[7,9,11],[8,10,11],[12,18,22,20,14,16],[12,24,28,26,13,15],[12,13,14],[12,15,16],[13,15,17],[14,16,17],[18,24,27,25,19,21],[18,19,20],[18,21,22],[19,21,23],[20,22,23],[24,25,26],[24,27,28],[25,27,29],[26,28,29],[7,13,14,8],[6,19,20,8],[6,25,26,7],[12,18,20,14],[12,24,26,13],[18,24,25,19],[1,15,16,2],[0,21,22,2],[0,27,28,1],[12,18,22,16],[12,24,28,15],[18,24,27,21],[3,9,10,4],[0,21,23,4],[0,27,29,3],[6,19,23,10],[6,25,29,9],[19,25,27,21],[3,9,11,5],[1,15,17,5],[1,28,29,3],[7,13,17,11],[7,26,29,9],[13,26,28,15],[4,10,11,5],[2,16,17,5],[2,22,23,4],[8,14,17,11],[8,20,23,10],[14,20,22,16],[12,18,24],[6,19,25],[7,13,26],[8,14,20],[0,21,27],[1,15,28],[2,16,22],[3,9,29],[4,10,23],[5,11,17]]}