{"vertices":[[0.447213,-0.223606,0.0,0.5],[0.223606,0.0,-0.447213,0.5],[0.0,-0.447213,-0.223606,0.5],[-0.447213,0.223606,0.0,0.5],[0.0,0.447213,-0.223606,0.5],[-0.223606,0.0,-0.447213,0.5],[-0.223606,0.0,0.447213,0.5],[0.0,-0.447213,0.223606,0.5],[-0.447213,-0.223606,0.0,0.5],[0.0,0.447213,0.223606,0.5],[0.223606,0.0,0.447213,0.5],[0.447213,0.223606,0.0,0.5],[-0.223606,0.0,0.447213,-0.5],[0.0,0.447213,0.223606,-0.5],[-0.447213,0.223606,0.0,-0.5],[-0.335409,0.559016,0.111803,0.25],[-0.335409,0.559016,-0.111803,-0.25],[-0.670819,0.223606,0.0,0.0],[-0.559016,0.111803,0.335409,0.25],[-0.223606,0.0,0.670819,0.0],[-0.559016,-0.111803,0.335409,-0.25],[-0.111803,0.335409,0.559016,0.25],[0.111803,0.335409,0.559016,-0.25],[0.0,0.670819,0.223606,0.0],[0.223606,0.0,0.447213,-0.5],[0.447213,-0.223606,0.0,-0.5],[0.0,-0.447213,0.223606,-0.5],[0.335409,-0.559016,0.111803,0.25],[0.670819,-0.223606,0.0,0.0],[0.335409,-0.559016,-0.111803,-0.25],[0.111803,-0.335409,0.559016,0.25],[-0.111803,-0.335409,0.559016,-0.25],[0.0,-0.670819,0.223606,0.0],[0.559016,-0.111803,0.335409,0.25],[0.223606,0.0,0.670819,0.0],[0.559016,0.111803,0.335409,-0.25],[0.0,0.447213,-0.223606,-0.5],[0.447213,0.223606,0.0,-0.5],[0.223606,0.0,-0.447213,-0.5],[0.559016,0.111803,-0.335409,0.25],[0.559016,-0.111803,-0.335409,-0.25],[0.223606,0.0,-0.670819,0.0],[0.111803,0.335409,-0.559016,0.25],[0.0,0.670819,-0.223606,0.0],[-0.111803,0.335409,-0.559016,-0.25],[0.335409,0.559016,-0.111803,0.25],[0.335409,0.559016,0.111803,-0.25],[0.670819,0.223606,0.0,0.0],[-0.447213,-0.223606,0.0,-0.5],[0.0,-0.447213,-0.223606,-0.5],[-0.223606,0.0,-0.447213,-0.5],[-0.111803,-0.335409,-0.559016,0.25],[0.0,-0.670819,-0.223606,0.0],[0.111803,-0.335409,-0.559016,-0.25],[-0.559016,-0.111803,-0.335409,0.25],[-0.559016,0.111803,-0.335409,-0.25],[-0.223606,0.0,-0.670819,0.0],[-0.335409,-0.559016,-0.111803,0.25],[-0.670819,-0.223606,0.0,0.0],[-0.335409,-0.559016,0.111803,-0.25]],"facetCenters":[[0.0,0.0,0.0,-1.0],[0.559017,-0.559017,-0.559017,0.25],[-0.559017,0.559017,-0.559017,0.25],[-0.559017,-0.559017,0.559017,0.25],[0.559017,0.559017,0.559017,0.25],[0.0,0.0,0.0,1.0],[-0.559017,0.559017,0.559017,-0.25],[0.559017,-0.559017,0.559017,-0.25],[0.559017,0.559017,-0.559017,-0.25],[-0.559017,-0.559017,-0.559017,-0.25],[0.279508,-0.279508,-0.279508,-0.375],[-0.279508,0.279508,-0.279508,-0.375],[-0.279508,-0.279508,0.279508,-0.375],[0.279508,0.279508,0.279508,-0.375],[0.0,0.0,-0.559017,0.25],[0.0,-0.559017,0.0,0.25],[0.559017,0.0,0.0,0.25],[-0.559017,0.0,0.0,0.25],[0.0,0.559017,0.0,0.25],[0.0,0.0,0.559017,0.25],[-0.279508,0.279508,0.279508,0.375],[0.279508,-0.279508,0.279508,0.375],[0.279508,0.279508,-0.279508,0.375],[-0.279508,-0.279508,-0.279508,0.375],[0.0,0.0,0.559017,-0.25],[0.0,0.559017,0.0,-0.25],[-0.559017,0.0,0.0,-0.25],[0.559017,0.0,0.0,-0.25],[0.0,-0.559017,0.0,-0.25],[0.0,0.0,-0.559017,-0.25],[0.223606,-0.447213,0.0,0.5],[0.447213,0.0,-0.223606,0.5],[0.0,-0.223606,-0.447213,0.5],[-0.223606,0.447213,0.0,0.5],[0.0,0.223606,-0.447213,0.5],[-0.447213,0.0,-0.223606,0.5],[-0.447213,0.0,0.223606,0.5],[0.0,-0.223606,0.447213,0.5],[-0.223606,-0.447213,0.0,0.5],[0.0,0.223606,0.447213,0.5],[0.447213,0.0,0.223606,0.5],[0.223606,0.447213,0.0,0.5],[0.0,0.223606,0.447213,-0.5],[-0.223606,0.447213,0.0,-0.5],[-0.447213,0.0,0.223606,-0.5],[-0.559016,0.335409,0.111803,0.25],[-0.223606,0.670819,0.0,0.0],[-0.559016,0.335409,-0.111803,-0.25],[-0.335409,0.111803,0.559016,0.25],[-0.335409,-0.111803,0.559016,-0.25],[-0.670819,0.0,0.223606,0.0],[-0.111803,0.559016,0.335409,0.25],[0.0,0.223606,0.670819,0.0],[0.111803,0.559016,0.335409,-0.25],[0.0,-0.223606,0.447213,-0.5],[0.447213,0.0,0.223606,-0.5],[0.223606,-0.447213,0.0,-0.5],[0.559016,-0.335409,0.111803,0.25],[0.559016,-0.335409,-0.111803,-0.25],[0.223606,-0.670819,0.0,0.0],[0.111803,-0.559016,0.335409,0.25],[0.0,-0.223606,0.670819,0.0],[-0.111803,-0.559016,0.335409,-0.25],[0.335409,-0.111803,0.559016,0.25],[0.335409,0.111803,0.559016,-0.25],[0.670819,0.0,0.223606,0.0],[0.223606,0.447213,0.0,-0.5],[0.447213,0.0,-0.223606,-0.5],[0.0,0.223606,-0.447213,-0.5],[0.335409,0.111803,-0.559016,0.25],[0.670819,0.0,-0.223606,0.0],[0.335409,-0.111803,-0.559016,-0.25],[0.111803,0.559016,-0.335409,0.25],[-0.111803,0.559016,-0.335409,-0.25],[0.0,0.223606,-0.670819,0.0],[0.559016,0.335409,-0.111803,0.25],[0.223606,0.670819,0.0,0.0],[0.559016,0.335409,0.111803,-0.25],[-0.447213,0.0,-0.223606,-0.5],[-0.223606,-0.447213,0.0,-0.5],[0.0,-0.223606,-0.447213,-0.5],[-0.111803,-0.559016,-0.335409,0.25],[0.111803,-0.559016,-0.335409,-0.25],[0.0,-0.223606,-0.670819,0.0],[-0.335409,-0.111803,-0.559016,0.25],[-0.670819,0.0,-0.223606,0.0],[-0.335409,0.111803,-0.559016,-0.25],[-0.559016,-0.335409,-0.111803,0.25],[-0.559016,-0.335409,0.111803,-0.25],[-0.223606,-0.670819,0.0,0.0]],"faces":[[25,38,49],[14,36,50],[12,26,48],[13,24,37],[29,40,53],[1,41,51],[2,27,52],[0,28,39],[16,44,55],[5,42,56],[3,17,54],[4,15,43],[20,31,59],[7,32,57],[8,18,58],[6,19,30],[22,35,46],[11,33,47],[9,23,45],[10,21,34],[3,6,9],[0,7,10],[1,4,11],[2,5,8],[15,18,21],[12,19,22],[13,16,23],[14,17,20],[27,30,33],[24,31,34],[25,28,35],[26,29,32],[39,42,45],[36,43,46],[37,40,47],[38,41,44],[51,54,57],[48,55,58],[49,52,59],[50,53,56],[12,13,14],[24,25,26],[36,37,38],[48,49,50],[0,1,2],[27,28,29],[39,40,41],[51,52,53],[3,4,5],[15,16,17],[42,43,44],[54,55,56],[6,7,8],[18,19,20],[30,31,32],[57,58,59],[9,10,11],[21,22,23],[33,34,35],[45,46,47],[2,7,27],[0,7,27],[0,2,27],[0,2,7],[1,11,39],[0,11,39],[0,1,39],[0,1,11],[2,5,51],[1,5,51],[1,2,51],[1,2,5],[4,9,15],[3,9,15],[3,4,15],[3,4,9],[4,5,42],[1,5,42],[1,4,42],[1,4,5],[5,8,54],[3,8,54],[3,5,54],[3,5,8],[6,8,18],[3,8,18],[3,6,18],[3,6,8],[7,10,30],[6,10,30],[6,7,30],[6,7,10],[7,8,57],[2,8,57],[2,7,57],[2,7,8],[9,10,21],[6,10,21],[6,9,21],[6,9,10],[10,11,33],[0,11,33],[0,10,33],[0,10,11],[9,11,45],[4,11,45],[4,9,45],[4,9,11],[13,22,24],[12,22,24],[12,13,24],[12,13,22],[14,16,36],[13,16,36],[13,14,36],[13,14,16],[14,20,48],[12,20,48],[12,14,48],[12,14,20],[15,17,18],[3,17,18],[3,15,18],[3,15,17],[16,23,43],[15,23,43],[15,16,43],[15,16,23],[16,17,55],[14,17,55],[14,16,55],[14,16,17],[18,19,21],[6,19,21],[6,18,21],[6,18,19],[19,20,31],[12,20,31],[12,19,31],[12,19,20],[18,20,58],[17,20,58],[17,18,58],[17,18,20],[15,21,23],[9,21,23],[9,15,23],[9,15,21],[21,22,34],[19,22,34],[19,21,34],[19,21,22],[22,23,46],[13,23,46],[13,22,46],[13,22,23],[24,26,31],[12,26,31],[12,24,31],[12,24,26],[25,35,37],[24,35,37],[24,25,37],[24,25,35],[26,29,49],[25,29,49],[25,26,49],[25,26,29],[27,28,33],[0,28,33],[0,27,33],[0,27,28],[28,29,40],[25,29,40],[25,28,40],[25,28,29],[29,32,52],[27,32,52],[27,29,52],[27,29,32],[27,30,32],[7,30,32],[7,27,32],[7,27,30],[30,31,34],[19,31,34],[19,30,34],[19,30,31],[31,32,59],[26,32,59],[26,31,59],[26,31,32],[30,33,34],[10,33,34],[10,30,34],[10,30,33],[24,34,35],[22,34,35],[22,24,35],[22,24,34],[33,35,47],[28,35,47],[28,33,47],[28,33,35],[36,37,46],[13,37,46],[13,36,46],[13,36,37],[37,38,40],[25,38,40],[25,37,40],[25,37,38],[38,44,50],[36,44,50],[36,38,50],[36,38,44],[39,41,42],[1,41,42],[1,39,42],[1,39,41],[39,40,47],[28,40,47],[28,39,47],[28,39,40],[40,41,53],[38,41,53],[38,40,53],[38,40,41],[42,43,45],[4,43,45],[4,42,45],[4,42,43],[36,43,44],[16,43,44],[16,36,44],[16,36,43],[42,44,56],[41,44,56],[41,42,56],[41,42,44],[39,45,47],[11,45,47],[11,39,47],[11,39,45],[43,45,46],[23,45,46],[23,43,46],[23,43,45],[37,46,47],[35,46,47],[35,37,47],[35,37,46],[48,50,55],[14,50,55],[14,48,55],[14,48,50],[48,49,59],[26,49,59],[26,48,59],[26,48,49],[49,50,53],[38,50,53],[38,49,53],[38,49,50],[51,52,57],[2,52,57],[2,51,57],[2,51,52],[49,52,53],[29,52,53],[29,49,53],[29,49,52],[51,53,56],[41,53,56],[41,51,56],[41,51,53],[51,54,56],[5,54,56],[5,51,56],[5,51,54],[54,55,58],[17,55,58],[17,54,58],[17,54,55],[50,55,56],[44,55,56],[44,50,56],[44,50,55],[54,57,58],[8,57,58],[8,54,58],[8,54,57],[48,58,59],[20,58,59],[20,48,59],[20,48,58],[52,57,59],[32,57,59],[32,52,59],[32,52,57]]}