{"vertices":[[-0.372678,0.372678,0.372678,0.166667],[-0.186339,0.186339,0.186339,0.583333],[0.372678,-0.372678,0.372678,0.166667],[0.186339,-0.186339,0.186339,0.583333],[0.372678,0.372678,-0.372678,0.166667],[0.186339,0.186339,-0.186339,0.583333],[-0.372678,-0.372678,-0.372678,0.166667],[-0.186339,-0.186339,-0.186339,0.583333],[0.186339,-0.186339,0.559017,-0.25],[-0.186339,0.186339,0.559017,-0.25],[0.186339,0.559017,-0.186339,-0.25],[-0.186339,0.559017,0.186339,-0.25],[-0.559017,-0.186339,-0.186339,-0.25],[-0.559017,0.186339,0.186339,-0.25],[0.559017,0.186339,-0.186339,-0.25],[0.559017,-0.186339,0.186339,-0.25],[-0.186339,-0.559017,-0.186339,-0.25],[0.186339,-0.559017,0.186339,-0.25],[-0.186339,-0.186339,-0.559017,-0.25],[0.186339,0.186339,-0.559017,-0.25]],"facetCenters":[[0.0,0.0,0.0,-1.0],[0.559017,-0.559017,-0.559017,0.25],[-0.559017,0.559017,-0.559017,0.25],[-0.559017,-0.559017,0.559017,0.25],[0.559017,0.559017,0.559017,0.25],[0.0,0.0,0.0,1.0],[-0.559017,0.559017,0.559017,-0.25],[0.559017,-0.559017,0.559017,-0.25],[0.559017,0.559017,-0.559017,-0.25],[-0.559017,-0.559017,-0.559017,-0.25]],"faces":[[14,19,18,16,17,15],[10,19,18,12,13,11],[8,17,16,12,13,9],[8,15,14,10,11,9],[4,19,18,6,7,5],[2,17,16,6,7,3],[2,15,14,4,5,3],[0,13,12,6,7,1],[0,11,10,4,5,1],[0,9,8,2,3,1],[9,11,13],[8,15,17],[10,14,19],[12,16,18],[3,5,7],[2,15,17],[4,14,19],[6,16,18],[1,5,7],[0,11,13],[4,10,19],[6,12,18],[1,3,7],[0,9,13],[2,8,17],[6,12,16],[1,3,5],[0,9,11],[2,8,15],[4,10,14]]}