{"vertices":[[0.111803,0.111803,0.33541,-0.45],[-0.111803,-0.111803,0.33541,-0.45],[0.111803,0.33541,0.111803,-0.45],[-0.111803,0.33541,-0.111803,-0.45],[-0.33541,-0.111803,0.111803,-0.45],[-0.33541,0.111803,-0.111803,-0.45],[0.33541,0.111803,0.111803,-0.45],[0.33541,-0.111803,-0.111803,-0.45],[-0.111803,-0.33541,0.111803,-0.45],[0.111803,-0.33541,-0.111803,-0.45],[-0.111803,0.111803,-0.33541,-0.45],[0.111803,-0.111803,-0.33541,-0.45],[0.447213,-0.223606,0.0,0.3],[0.223606,-0.447213,0.0,0.3],[0.447213,0.0,-0.223606,0.3],[0.223606,0.0,-0.447213,0.3],[0.0,-0.447213,-0.223606,0.3],[0.0,-0.223606,-0.447213,0.3],[0.559016,-0.111803,-0.111803,0.05],[0.447213,-0.223606,-0.223606,-0.2],[0.111803,-0.559016,-0.111803,0.05],[0.223606,-0.447213,-0.223606,-0.2],[0.111803,-0.111803,-0.559016,0.05],[0.223606,-0.223606,-0.447213,-0.2],[-0.223606,0.447213,0.0,0.3],[-0.447213,0.223606,0.0,0.3],[0.0,0.447213,-0.223606,0.3],[0.0,0.223606,-0.447213,0.3],[-0.447213,0.0,-0.223606,0.3],[-0.223606,0.0,-0.447213,0.3],[-0.111803,0.559016,-0.111803,0.05],[-0.223606,0.447213,-0.223606,-0.2],[-0.559016,0.111803,-0.111803,0.05],[-0.447213,0.223606,-0.223606,-0.2],[-0.111803,0.111803,-0.559016,0.05],[-0.223606,0.223606,-0.447213,-0.2],[-0.223606,0.0,0.447213,0.3],[-0.447213,0.0,0.223606,0.3],[0.0,-0.223606,0.447213,0.3],[0.0,-0.447213,0.223606,0.3],[-0.447213,-0.223606,0.0,0.3],[-0.223606,-0.447213,0.0,0.3],[-0.111803,-0.111803,0.559016,0.05],[-0.223606,-0.223606,0.447213,-0.2],[-0.559016,-0.111803,0.111803,0.05],[-0.447213,-0.223606,0.223606,-0.2],[-0.111803,-0.559016,0.111803,0.05],[-0.223606,-0.447213,0.223606,-0.2],[0.0,0.223606,0.447213,0.3],[0.0,0.447213,0.223606,0.3],[0.223606,0.0,0.447213,0.3],[0.447213,0.0,0.223606,0.3],[0.223606,0.447213,0.0,0.3],[0.447213,0.223606,0.0,0.3],[0.111803,0.111803,0.559016,0.05],[0.223606,0.223606,0.447213,-0.2],[0.111803,0.559016,0.111803,0.05],[0.223606,0.447213,0.223606,-0.2],[0.559016,0.111803,0.111803,0.05],[0.447213,0.223606,0.223606,-0.2]],"facetCenters":[[0.0,0.0,0.0,-1.0],[0.559017,-0.559017,-0.559017,0.25],[-0.559017,0.559017,-0.559017,0.25],[-0.559017,-0.559017,0.559017,0.25],[0.559017,0.559017,0.559017,0.25],[0.0,0.0,0.0,1.0],[-0.559017,0.559017,0.559017,-0.25],[0.559017,-0.559017,0.559017,-0.25],[0.559017,0.559017,-0.559017,-0.25],[-0.559017,-0.559017,-0.559017,-0.25],[0.279508,-0.279508,-0.279508,-0.375],[-0.279508,0.279508,-0.279508,-0.375],[-0.279508,-0.279508,0.279508,-0.375],[0.279508,0.279508,0.279508,-0.375],[0.0,0.0,-0.559017,0.25],[0.0,-0.559017,0.0,0.25],[0.559017,0.0,0.0,0.25],[-0.559017,0.0,0.0,0.25],[0.0,0.559017,0.0,0.25],[0.0,0.0,0.559017,0.25]],"faces":[[7,9,11],[3,5,10],[1,4,8],[0,2,6],[19,21,23],[15,17,22],[13,16,20],[12,14,18],[31,33,35],[27,29,34],[25,28,32],[24,26,30],[43,45,47],[39,41,46],[37,40,44],[36,38,42],[55,57,59],[51,53,58],[49,52,56],[48,50,54],[7,19,23,21,9,11],[3,31,35,33,5,10],[1,43,47,45,4,8],[0,55,59,57,2,6],[0,2,3,5,4,1],[0,6,7,9,8,1],[2,6,7,11,10,3],[4,8,9,11,10,5],[15,27,34,29,17,22],[13,39,46,41,16,20],[12,51,58,53,14,18],[12,14,15,17,16,13],[12,18,19,21,20,13],[14,18,19,23,22,15],[16,20,21,23,22,17],[25,37,44,40,28,32],[24,49,56,52,26,30],[24,26,27,29,28,25],[24,30,31,33,32,25],[26,30,31,35,34,27],[28,32,33,35,34,29],[36,48,54,50,38,42],[36,38,39,41,40,37],[36,42,43,45,44,37],[38,42,43,47,46,39],[40,44,45,47,46,41],[48,50,51,53,52,49],[48,54,55,57,56,49],[50,54,55,59,58,51],[52,56,57,59,58,53],[15,27,29,17],[13,39,41,16],[12,51,53,14],[25,37,40,28],[24,49,52,26],[36,48,50,38],[3,31,33,5],[1,43,45,4],[0,55,57,2],[25,37,44,32],[24,49,56,30],[36,48,54,42],[7,19,21,9],[1,43,47,8],[0,55,59,6],[13,39,46,20],[12,51,58,18],[38,50,54,42],[7,19,23,11],[3,31,35,10],[2,57,59,6],[15,27,34,22],[14,53,58,18],[26,52,56,30],[9,21,23,11],[5,33,35,10],[4,45,47,8],[17,29,34,22],[16,41,46,20],[28,40,44,32],[24,49,48,36,37,25],[12,51,50,38,39,13],[14,53,52,26,27,15],[16,41,40,28,29,17],[0,55,54,42,43,1],[2,57,56,30,31,3],[4,45,44,32,33,5],[6,59,58,18,19,7],[8,47,46,20,21,9],[10,35,34,22,23,11]]}