{"vertices":[[-0.111803,0.111803,0.33541,0.25],[-0.111803,0.33541,0.111803,0.25],[-0.33541,0.111803,0.111803,0.25],[0.111803,-0.111803,0.33541,0.25],[0.33541,-0.111803,0.111803,0.25],[0.111803,-0.33541,0.111803,0.25],[0.111803,0.33541,-0.111803,0.25],[0.33541,0.111803,-0.111803,0.25],[0.111803,0.111803,-0.33541,0.25],[-0.33541,-0.111803,-0.111803,0.25],[-0.111803,-0.33541,-0.111803,0.25],[-0.111803,-0.111803,-0.33541,0.25],[0.0,0.0,0.447213,0.0],[0.111803,0.111803,0.33541,-0.25],[-0.111803,-0.111803,0.33541,-0.25],[0.0,0.447213,0.0,0.0],[0.111803,0.33541,0.111803,-0.25],[-0.111803,0.33541,-0.111803,-0.25],[-0.447213,0.0,0.0,0.0],[-0.33541,-0.111803,0.111803,-0.25],[-0.33541,0.111803,-0.111803,-0.25],[0.447213,0.0,0.0,0.0],[0.33541,0.111803,0.111803,-0.25],[0.33541,-0.111803,-0.111803,-0.25],[0.0,-0.447213,0.0,0.0],[-0.111803,-0.33541,0.111803,-0.25],[0.111803,-0.33541,-0.111803,-0.25],[0.0,0.0,-0.447213,0.0],[-0.111803,0.111803,-0.33541,-0.25],[0.111803,-0.111803,-0.33541,-0.25]],"facetCenters":[[0.0,0.0,0.0,-1.0],[0.559017,-0.559017,-0.559017,0.25],[-0.559017,0.559017,-0.559017,0.25],[-0.559017,-0.559017,0.559017,0.25],[0.559017,0.559017,0.559017,0.25],[0.0,0.0,0.0,1.0],[-0.559017,0.559017,0.559017,-0.25],[0.559017,-0.559017,0.559017,-0.25],[0.559017,0.559017,-0.559017,-0.25],[-0.559017,-0.559017,-0.559017,-0.25]],"faces":[[23,26,29],[17,20,28],[14,19,25],[13,16,22],[8,11,27],[5,10,24],[4,7,21],[2,9,18],[1,6,15],[0,3,12],[0,1,2],[3,4,5],[6,7,8],[9,10,11],[12,13,14],[15,16,17],[18,19,20],[21,22,23],[24,25,26],[27,28,29],[13,16,17,20,19,14],[13,22,23,26,25,14],[16,22,23,29,28,17],[19,25,26,29,28,20],[4,7,8,11,10,5],[4,21,23,26,24,5],[7,21,23,29,27,8],[10,24,26,29,27,11],[1,6,8,11,9,2],[1,15,17,20,18,2],[6,15,17,28,27,8],[9,18,20,28,27,11],[0,3,5,10,9,2],[0,12,14,19,18,2],[3,12,14,25,24,5],[9,18,19,25,24,10],[0,3,4,7,6,1],[0,12,13,16,15,1],[3,12,13,22,21,4],[6,15,16,22,21,7]]}