{"vertices":[[0.186339,-0.186339,0.559017,-0.583333],[-0.186339,0.186339,0.559017,-0.583333],[0.186339,0.559017,-0.186339,-0.583333],[-0.186339,0.559017,0.186339,-0.583333],[-0.559017,-0.186339,-0.186339,-0.583333],[-0.559017,0.186339,0.186339,-0.583333],[0.559017,0.186339,-0.186339,-0.583333],[0.559017,-0.186339,0.186339,-0.583333],[-0.186339,-0.559017,-0.186339,-0.583333],[0.186339,-0.559017,0.186339,-0.583333],[-0.186339,-0.186339,-0.559017,-0.583333],[0.186339,0.186339,-0.559017,-0.583333],[0.559017,-0.559017,0.186339,0.25],[0.372678,-0.372678,0.0,0.666666],[0.559017,0.186339,-0.559017,0.25],[0.372678,0.0,-0.372678,0.666666],[-0.186339,-0.559017,-0.559017,0.25],[-0.0,-0.372678,-0.372678,0.666666],[0.745356,0.0,-0.372678,-0.166667],[0.745356,-0.372678,0.0,-0.166667],[-0.0,-0.745356,-0.372678,-0.166667],[0.372678,-0.745356,0.0,-0.166667],[-0.0,-0.372678,-0.745356,-0.166667],[0.372678,0.0,-0.745356,-0.166667],[-0.559017,0.559017,0.186339,0.25],[-0.372678,0.372678,0.0,0.666666],[0.186339,0.559017,-0.559017,0.25],[0.0,0.372678,-0.372678,0.666666],[-0.559017,-0.186339,-0.559017,0.25],[-0.372678,-0.0,-0.372678,0.666666],[0.0,0.745356,-0.372678,-0.166667],[-0.372678,0.745356,0.0,-0.166667],[-0.745356,-0.0,-0.372678,-0.166667],[-0.745356,0.372678,0.0,-0.166667],[-0.372678,-0.0,-0.745356,-0.166667],[0.0,0.372678,-0.745356,-0.166667],[-0.559017,0.186339,0.559017,0.25],[-0.372678,0.0,0.372678,0.666666],[0.186339,-0.559017,0.559017,0.25],[0.0,-0.372678,0.372678,0.666666],[-0.559017,-0.559017,-0.186339,0.25],[-0.372678,-0.372678,-0.0,0.666666],[0.0,-0.372678,0.745356,-0.166667],[-0.372678,0.0,0.745356,-0.166667],[-0.745356,-0.372678,-0.0,-0.166667],[-0.745356,0.0,0.372678,-0.166667],[-0.372678,-0.745356,-0.0,-0.166667],[0.0,-0.745356,0.372678,-0.166667],[-0.186339,0.559017,0.559017,0.25],[-0.0,0.372678,0.372678,0.666666],[0.559017,-0.186339,0.559017,0.25],[0.372678,-0.0,0.372678,0.666666],[0.559017,0.559017,-0.186339,0.25],[0.372678,0.372678,-0.0,0.666666],[0.372678,-0.0,0.745356,-0.166667],[-0.0,0.372678,0.745356,-0.166667],[0.372678,0.745356,-0.0,-0.166667],[-0.0,0.745356,0.372678,-0.166667],[0.745356,0.372678,-0.0,-0.166667],[0.745356,-0.0,0.372678,-0.166667]],"facetCenters":[[0.0,0.0,0.0,-1.0],[0.559017,-0.559017,-0.559017,0.25],[-0.559017,0.559017,-0.559017,0.25],[-0.559017,-0.559017,0.559017,0.25],[0.559017,0.559017,0.559017,0.25],[0.0,0.0,0.0,1.0],[-0.559017,0.559017,0.559017,-0.25],[0.559017,-0.559017,0.559017,-0.25],[0.559017,0.559017,-0.559017,-0.25],[-0.559017,-0.559017,-0.559017,-0.25],[0.279508,-0.279508,-0.279508,-0.375],[-0.279508,0.279508,-0.279508,-0.375],[-0.279508,-0.279508,0.279508,-0.375],[0.279508,0.279508,0.279508,-0.375],[0.0,0.0,-0.559017,0.25],[0.0,-0.559017,0.0,0.25],[0.559017,0.0,0.0,0.25],[-0.559017,0.0,0.0,0.25],[0.0,0.559017,0.0,0.25],[0.0,0.0,0.559017,0.25],[-0.279508,0.279508,0.279508,0.375],[0.279508,-0.279508,0.279508,0.375],[0.279508,0.279508,-0.279508,0.375],[-0.279508,-0.279508,-0.279508,0.375],[0.0,0.0,0.559017,-0.25],[0.0,0.559017,0.0,-0.25],[-0.559017,0.0,0.0,-0.25],[0.559017,0.0,0.0,-0.25],[0.0,-0.559017,0.0,-0.25],[0.0,0.0,-0.559017,-0.25]],"faces":[[6,11,10,8,9,7],[2,11,10,4,5,3],[0,9,8,4,5,1],[0,7,6,2,3,1],[18,23,22,20,21,19],[14,23,22,16,17,15],[12,21,20,16,17,13],[12,19,18,14,15,13],[30,35,34,32,33,31],[26,35,34,28,29,27],[24,33,32,28,29,25],[24,31,30,26,27,25],[42,47,46,44,45,43],[38,47,46,40,41,39],[36,45,44,40,41,37],[36,43,42,38,39,37],[54,59,58,56,57,55],[50,59,58,52,53,51],[48,57,56,52,53,49],[48,55,54,50,51,49],[6,18,19,7],[8,20,21,9],[10,22,23,11],[2,30,31,3],[4,32,33,5],[10,34,35,11],[0,42,43,1],[4,44,45,5],[8,46,47,9],[0,54,55,1],[2,56,57,3],[6,58,59,7],[14,26,27,15],[16,28,29,17],[22,34,35,23],[12,38,39,13],[16,40,41,17],[20,46,47,21],[12,50,51,13],[14,52,53,15],[18,58,59,19],[24,36,37,25],[28,40,41,29],[32,44,45,33],[24,48,49,25],[26,52,53,27],[30,56,57,31],[36,48,49,37],[38,50,51,39],[42,54,55,43],[25,37,49],[13,39,51],[15,27,53],[17,29,41],[24,36,48],[1,43,55],[3,31,57],[5,33,45],[12,38,50],[0,42,54],[7,19,59],[9,21,47],[14,26,52],[2,30,56],[6,18,58],[11,23,35],[16,28,40],[4,32,44],[8,20,46],[10,22,34],[15,27,29,17],[13,39,41,17],[13,51,53,15],[25,37,41,29],[25,49,53,27],[37,49,51,39],[3,31,33,5],[1,43,45,5],[1,55,57,3],[24,36,45,33],[24,48,57,31],[36,48,55,43],[7,19,21,9],[0,42,47,9],[0,54,59,7],[12,38,47,21],[12,50,59,19],[38,50,54,42],[6,18,23,11],[2,30,35,11],[2,56,58,6],[14,26,35,23],[14,52,58,18],[26,52,56,30],[8,20,22,10],[4,32,34,10],[4,44,46,8],[16,28,34,22],[16,40,46,20],[28,40,44,32],[1,3,5],[0,7,9],[2,6,11],[4,8,10],[13,15,17],[12,19,21],[14,18,23],[16,20,22],[25,27,29],[24,31,33],[26,30,35],[28,32,34],[37,39,41],[36,43,45],[38,42,47],[40,44,46],[49,51,53],[48,55,57],[50,54,59],[52,56,58]]}