{"vertices":[[-0.559017,0.559017,0.559017,-1.25],[0.559017,-0.559017,0.559017,-1.25],[0.559017,0.559017,-0.559017,-1.25],[-0.559017,-0.559017,-0.559017,-1.25],[0.559017,-0.559017,-0.559017,1.25],[1.118034,-1.118034,0.0,-0.0],[1.118034,0.0,-1.118034,-0.0],[-0.0,-1.118034,-1.118034,-0.0],[-0.559017,0.559017,-0.559017,1.25],[-1.118034,1.118034,0.0,-0.0],[0.0,1.118034,-1.118034,-0.0],[-1.118034,-0.0,-1.118034,-0.0],[-0.559017,-0.559017,0.559017,1.25],[-1.118034,0.0,1.118034,-0.0],[0.0,-1.118034,1.118034,-0.0],[-1.118034,-1.118034,-0.0,-0.0],[0.559017,0.559017,0.559017,1.25],[-0.0,1.118034,1.118034,-0.0],[1.118034,-0.0,1.118034,-0.0],[1.118034,1.118034,-0.0,-0.0]],"facetCenters":[[0.0,0.0,0.0,-1.0],[0.559017,-0.559017,-0.559017,0.25],[-0.559017,0.559017,-0.559017,0.25],[-0.559017,-0.559017,0.559017,0.25],[0.559017,0.559017,0.559017,0.25],[0.0,0.0,0.0,1.0],[-0.559017,0.559017,0.559017,-0.25],[0.559017,-0.559017,0.559017,-0.25],[0.559017,0.559017,-0.559017,-0.25],[-0.559017,-0.559017,-0.559017,-0.25],[0.279508,-0.279508,-0.279508,-0.375],[-0.279508,0.279508,-0.279508,-0.375],[-0.279508,-0.279508,0.279508,-0.375],[0.279508,0.279508,0.279508,-0.375],[0.0,0.0,-0.559017,0.25],[0.0,-0.559017,0.0,0.25],[0.559017,0.0,0.0,0.25],[-0.559017,0.0,0.0,0.25],[0.0,0.559017,0.0,0.25],[0.0,0.0,0.559017,0.25],[-0.279508,0.279508,0.279508,0.375],[0.279508,-0.279508,0.279508,0.375],[0.279508,0.279508,-0.279508,0.375],[-0.279508,-0.279508,-0.279508,0.375],[0.0,0.0,0.559017,-0.25],[0.0,0.559017,0.0,-0.25],[-0.559017,0.0,0.0,-0.25],[0.559017,0.0,0.0,-0.25],[0.0,-0.559017,0.0,-0.25],[0.0,0.0,-0.559017,-0.25]],"faces":[[1,2,3],[0,2,3],[0,1,3],[0,1,2],[5,6,7],[4,6,7],[4,5,7],[4,5,6],[9,10,11],[8,10,11],[8,9,11],[8,9,10],[13,14,15],[12,14,15],[12,13,15],[12,13,14],[17,18,19],[16,18,19],[16,17,19],[16,17,18],[8,12,16],[4,12,16],[4,8,16],[4,8,12],[9,13,17],[0,13,17],[0,9,17],[0,9,13],[5,14,18],[1,14,18],[1,5,18],[1,5,14],[6,10,19],[2,10,19],[2,6,19],[2,6,10],[7,11,15],[3,11,15],[3,7,15],[3,7,11],[1,5,6,2],[1,5,7,3],[2,6,7,3],[0,9,10,2],[0,9,11,3],[2,10,11,3],[0,13,14,1],[0,13,15,3],[1,14,15,3],[0,17,18,1],[0,17,19,2],[1,18,19,2],[4,8,10,6],[4,8,11,7],[6,10,11,7],[4,12,14,5],[4,12,15,7],[5,14,15,7],[4,16,18,5],[4,16,19,6],[5,18,19,6],[8,12,13,9],[8,12,15,11],[9,13,15,11],[8,16,17,9],[8,16,19,10],[9,17,19,10],[12,16,17,13],[12,16,18,14],[13,17,18,14]]}