{"vertices":[[-2.0,0.0,1.0,1.0],[-2.0,1.0,0.0,1.0],[-2.0,1.0,1.0,0.0],[-2.0,-1.0,0.0,1.0],[-2.0,-1.0,1.0,0.0],[-2.0,0.0,-1.0,1.0],[-2.0,1.0,-1.0,0.0],[-2.0,-1.0,-1.0,0.0],[-2.0,0.0,1.0,-1.0],[-2.0,1.0,0.0,-1.0],[-2.0,-1.0,0.0,-1.0],[-2.0,0.0,-1.0,-1.0],[0.0,-2.0,1.0,1.0],[1.0,-2.0,0.0,1.0],[1.0,-2.0,1.0,0.0],[-1.0,-2.0,0.0,1.0],[-1.0,-2.0,1.0,0.0],[0.0,-2.0,-1.0,1.0],[1.0,-2.0,-1.0,0.0],[-1.0,-2.0,-1.0,0.0],[0.0,-2.0,1.0,-1.0],[1.0,-2.0,0.0,-1.0],[-1.0,-2.0,0.0,-1.0],[0.0,-2.0,-1.0,-1.0],[0.0,1.0,-2.0,1.0],[1.0,0.0,-2.0,1.0],[1.0,1.0,-2.0,0.0],[-1.0,0.0,-2.0,1.0],[-1.0,1.0,-2.0,0.0],[0.0,-1.0,-2.0,1.0],[1.0,-1.0,-2.0,0.0],[-1.0,-1.0,-2.0,0.0],[0.0,1.0,-2.0,-1.0],[1.0,0.0,-2.0,-1.0],[-1.0,0.0,-2.0,-1.0],[0.0,-1.0,-2.0,-1.0],[0.0,1.0,1.0,-2.0],[1.0,0.0,1.0,-2.0],[1.0,1.0,0.0,-2.0],[-1.0,0.0,1.0,-2.0],[-1.0,1.0,0.0,-2.0],[0.0,-1.0,1.0,-2.0],[1.0,-1.0,0.0,-2.0],[-1.0,-1.0,0.0,-2.0],[0.0,1.0,-1.0,-2.0],[1.0,0.0,-1.0,-2.0],[-1.0,0.0,-1.0,-2.0],[0.0,-1.0,-1.0,-2.0],[2.0,0.0,1.0,1.0],[2.0,1.0,0.0,1.0],[2.0,1.0,1.0,0.0],[2.0,-1.0,0.0,1.0],[2.0,-1.0,1.0,0.0],[2.0,0.0,-1.0,1.0],[2.0,1.0,-1.0,0.0],[2.0,-1.0,-1.0,0.0],[2.0,0.0,1.0,-1.0],[2.0,1.0,0.0,-1.0],[2.0,-1.0,0.0,-1.0],[2.0,0.0,-1.0,-1.0],[0.0,2.0,1.0,1.0],[1.0,2.0,0.0,1.0],[1.0,2.0,1.0,0.0],[-1.0,2.0,0.0,1.0],[-1.0,2.0,1.0,0.0],[0.0,2.0,-1.0,1.0],[1.0,2.0,-1.0,0.0],[-1.0,2.0,-1.0,0.0],[0.0,2.0,1.0,-1.0],[1.0,2.0,0.0,-1.0],[-1.0,2.0,0.0,-1.0],[0.0,2.0,-1.0,-1.0],[0.0,1.0,2.0,1.0],[1.0,0.0,2.0,1.0],[1.0,1.0,2.0,0.0],[-1.0,0.0,2.0,1.0],[-1.0,1.0,2.0,0.0],[0.0,-1.0,2.0,1.0],[1.0,-1.0,2.0,0.0],[-1.0,-1.0,2.0,0.0],[0.0,1.0,2.0,-1.0],[1.0,0.0,2.0,-1.0],[-1.0,0.0,2.0,-1.0],[0.0,-1.0,2.0,-1.0],[0.0,1.0,1.0,2.0],[1.0,0.0,1.0,2.0],[1.0,1.0,0.0,2.0],[-1.0,0.0,1.0,2.0],[-1.0,1.0,0.0,2.0],[0.0,-1.0,1.0,2.0],[1.0,-1.0,0.0,2.0],[-1.0,-1.0,0.0,2.0],[0.0,1.0,-1.0,2.0],[1.0,0.0,-1.0,2.0],[-1.0,0.0,-1.0,2.0],[0.0,-1.0,-1.0,2.0]],"facetCenters":[[-0.707107,-0.707107,0.0,0.0],[-0.707107,0.0,-0.707107,0.0],[-0.707107,0.0,0.0,-0.707107],[0.0,-0.707107,-0.707107,0.0],[0.0,-0.707107,0.0,-0.707107],[0.0,0.0,-0.707107,-0.707107],[-0.707107,0.707107,0.0,0.0],[-0.707107,0.0,0.707107,0.0],[-0.707107,0.0,0.0,0.707107],[0.0,-0.707107,0.707107,0.0],[0.0,-0.707107,0.0,0.707107],[0.0,0.0,-0.707107,0.707107],[0.707107,-0.707107,0.0,0.0],[0.707107,0.0,-0.707107,0.0],[0.707107,0.0,0.0,-0.707107],[0.0,0.707107,-0.707107,0.0],[0.0,0.707107,0.0,-0.707107],[0.0,0.0,0.707107,-0.707107],[0.707107,0.707107,0.0,0.0],[0.707107,0.0,0.707107,0.0],[0.707107,0.0,0.0,0.707107],[0.0,0.707107,0.707107,0.0],[0.0,0.707107,0.0,0.707107],[0.0,0.0,0.707107,0.707107],[-1.0,0.0,0.0,0.0],[0.0,-1.0,0.0,0.0],[0.0,0.0,-1.0,0.0],[0.0,0.0,0.0,-1.0],[1.0,0.0,0.0,0.0],[0.0,1.0,0.0,0.0],[0.0,0.0,1.0,0.0],[0.0,0.0,0.0,1.0],[-0.5,-0.5,-0.5,-0.5],[-0.5,-0.5,-0.5,0.5],[-0.5,-0.5,0.5,-0.5],[-0.5,-0.5,0.5,0.5],[-0.5,0.5,-0.5,-0.5],[-0.5,0.5,-0.5,0.5],[-0.5,0.5,0.5,-0.5],[-0.5,0.5,0.5,0.5],[0.5,-0.5,-0.5,-0.5],[0.5,-0.5,-0.5,0.5],[0.5,-0.5,0.5,-0.5],[0.5,-0.5,0.5,0.5],[0.5,0.5,-0.5,-0.5],[0.5,0.5,-0.5,0.5],[0.5,0.5,0.5,-0.5],[0.5,0.5,0.5,0.5]],"faces":[[3,7,10,4],[15,19,22,16],[7,19,22,10],[3,15,19,7],[4,16,22,10],[3,15,16,4],[5,7,11,6],[27,31,34,28],[7,31,34,11],[5,27,31,7],[6,28,34,11],[5,27,28,6],[8,10,11,9],[39,43,46,40],[10,43,46,11],[8,39,43,10],[9,40,46,11],[8,39,40,9],[17,19,23,18],[29,31,35,30],[19,31,35,23],[17,29,31,19],[18,30,35,23],[17,29,30,18],[20,22,23,21],[41,43,47,42],[22,43,47,23],[20,41,43,22],[21,42,47,23],[20,41,42,21],[32,34,35,33],[44,46,47,45],[34,46,47,35],[32,44,46,34],[33,45,47,35],[32,44,45,33],[1,6,9,2],[63,67,70,64],[6,67,70,9],[1,63,67,6],[2,64,70,9],[1,63,64,2],[0,4,8,2],[75,79,82,76],[4,79,82,8],[0,75,79,4],[2,76,82,8],[0,75,76,2],[0,3,5,1],[87,91,94,88],[3,91,94,5],[0,87,91,3],[1,88,94,5],[0,87,88,1],[12,16,20,14],[77,79,83,78],[16,79,83,20],[12,77,79,16],[14,78,83,20],[12,77,78,14],[12,15,17,13],[89,91,95,90],[15,91,95,17],[12,89,91,15],[13,90,95,17],[12,89,90,13],[24,27,29,25],[92,94,95,93],[27,94,95,29],[24,92,94,27],[25,93,95,29],[24,92,93,25],[13,18,21,14],[51,55,58,52],[18,55,58,21],[13,51,55,18],[14,52,58,21],[13,51,52,14],[25,30,33,26],[53,55,59,54],[30,55,59,33],[25,53,55,30],[26,54,59,33],[25,53,54,26],[37,42,45,38],[56,58,59,57],[42,58,59,45],[37,56,58,42],[38,57,59,45],[37,56,57,38],[24,28,32,26],[65,67,71,66],[28,67,71,32],[24,65,67,28],[26,66,71,32],[24,65,66,26],[36,40,44,38],[68,70,71,69],[40,70,71,44],[36,68,70,40],[38,69,71,44],[36,68,69,38],[36,39,41,37],[80,82,83,81],[39,82,83,41],[36,80,82,39],[37,81,83,41],[36,80,81,37],[49,54,57,50],[61,66,69,62],[54,66,69,57],[49,61,66,54],[50,62,69,57],[49,61,62,50],[48,52,56,50],[73,78,81,74],[52,78,81,56],[48,73,78,52],[50,74,81,56],[48,73,74,50],[48,51,53,49],[85,90,93,86],[51,90,93,53],[48,85,90,51],[49,86,93,53],[48,85,86,49],[60,64,68,62],[72,76,80,74],[64,76,80,68],[60,72,76,64],[62,74,80,68],[60,72,74,62],[60,63,65,61],[84,88,92,86],[63,88,92,65],[60,84,88,63],[61,86,92,65],[60,84,86,61],[72,75,77,73],[84,87,89,85],[75,87,89,77],[72,84,87,75],[73,85,89,77],[72,84,85,73],[7,10,11],[3,5,7],[4,8,10],[0,3,4],[6,9,11],[1,5,6],[2,8,9],[0,1,2],[19,22,23],[15,17,19],[16,20,22],[12,15,16],[18,21,23],[13,17,18],[14,20,21],[12,13,14],[31,34,35],[27,29,31],[28,32,34],[24,27,28],[30,33,35],[25,29,30],[26,32,33],[24,25,26],[43,46,47],[39,41,43],[40,44,46],[36,39,40],[42,45,47],[37,41,42],[38,44,45],[36,37,38],[55,58,59],[51,53,55],[52,56,58],[48,51,52],[54,57,59],[49,53,54],[50,56,57],[48,49,50],[67,70,71],[63,65,67],[64,68,70],[60,63,64],[66,69,71],[61,65,66],[62,68,69],[60,61,62],[79,82,83],[75,77,79],[76,80,82],[72,75,76],[78,81,83],[73,77,78],[74,80,81],[72,73,74],[91,94,95],[87,89,91],[88,92,94],[84,87,88],[90,93,95],[85,89,90],[86,92,93],[84,85,86],[7,19,31],[10,22,43],[11,34,46],[23,35,47],[3,15,91],[5,27,94],[17,29,95],[4,16,79],[8,39,82],[20,41,83],[0,75,87],[12,77,89],[6,28,67],[9,40,70],[32,44,71],[1,63,88],[24,65,92],[2,64,76],[36,68,80],[60,72,84],[18,30,55],[21,42,58],[33,45,59],[13,51,90],[25,53,93],[14,52,78],[37,56,81],[48,73,85],[26,54,66],[38,57,69],[49,61,86],[50,62,74],[3,7,10,4],[15,19,22,16],[7,19,22,10],[3,15,19,7],[4,16,22,10],[3,15,16,4],[5,7,11,6],[27,31,34,28],[7,31,34,11],[5,27,31,7],[6,28,34,11],[5,27,28,6],[8,10,11,9],[39,43,46,40],[10,43,46,11],[8,39,43,10],[9,40,46,11],[8,39,40,9],[17,19,23,18],[29,31,35,30],[19,31,35,23],[17,29,31,19],[18,30,35,23],[17,29,30,18],[20,22,23,21],[41,43,47,42],[22,43,47,23],[20,41,43,22],[21,42,47,23],[20,41,42,21],[32,34,35,33],[44,46,47,45],[34,46,47,35],[32,44,46,34],[33,45,47,35],[32,44,45,33],[1,6,9,2],[63,67,70,64],[6,67,70,9],[1,63,67,6],[2,64,70,9],[1,63,64,2],[0,4,8,2],[75,79,82,76],[4,79,82,8],[0,75,79,4],[2,76,82,8],[0,75,76,2],[0,3,5,1],[87,91,94,88],[3,91,94,5],[0,87,91,3],[1,88,94,5],[0,87,88,1],[12,16,20,14],[77,79,83,78],[16,79,83,20],[12,77,79,16],[14,78,83,20],[12,77,78,14],[12,15,17,13],[89,91,95,90],[15,91,95,17],[12,89,91,15],[13,90,95,17],[12,89,90,13],[24,27,29,25],[92,94,95,93],[27,94,95,29],[24,92,94,27],[25,93,95,29],[24,92,93,25],[13,18,21,14],[51,55,58,52],[18,55,58,21],[13,51,55,18],[14,52,58,21],[13,51,52,14],[25,30,33,26],[53,55,59,54],[30,55,59,33],[25,53,55,30],[26,54,59,33],[25,53,54,26],[37,42,45,38],[56,58,59,57],[42,58,59,45],[37,56,58,42],[38,57,59,45],[37,56,57,38],[24,28,32,26],[65,67,71,66],[28,67,71,32],[24,65,67,28],[26,66,71,32],[24,65,66,26],[36,40,44,38],[68,70,71,69],[40,70,71,44],[36,68,70,40],[38,69,71,44],[36,68,69,38],[36,39,41,37],[80,82,83,81],[39,82,83,41],[36,80,82,39],[37,81,83,41],[36,80,81,37],[49,54,57,50],[61,66,69,62],[54,66,69,57],[49,61,66,54],[50,62,69,57],[49,61,62,50],[48,52,56,50],[73,78,81,74],[52,78,81,56],[48,73,78,52],[50,74,81,56],[48,73,74,50],[48,51,53,49],[85,90,93,86],[51,90,93,53],[48,85,90,51],[49,86,93,53],[48,85,86,49],[60,64,68,62],[72,76,80,74],[64,76,80,68],[60,72,76,64],[62,74,80,68],[60,72,74,62],[60,63,65,61],[84,88,92,86],[63,88,92,65],[60,84,88,63],[61,86,92,65],[60,84,86,61],[72,75,77,73],[84,87,89,85],[75,87,89,77],[72,84,87,75],[73,85,89,77],