{"vertices":[[-0.414214,1.0,1.0,1.0],[0.414214,1.0,1.0,1.0],[1.0,-0.414214,1.0,1.0],[1.0,0.414214,1.0,1.0],[1.0,1.0,-0.414214,1.0],[1.0,1.0,0.414214,1.0],[1.0,1.0,1.0,-0.414214],[1.0,1.0,1.0,0.414214],[-1.0,-0.414214,1.0,1.0],[-1.0,0.414214,1.0,1.0],[-1.0,1.0,-0.414214,1.0],[-1.0,1.0,0.414214,1.0],[-1.0,1.0,1.0,-0.414214],[-1.0,1.0,1.0,0.414214],[-0.414214,-1.0,1.0,1.0],[0.414214,-1.0,1.0,1.0],[1.0,-1.0,-0.414214,1.0],[1.0,-1.0,0.414214,1.0],[1.0,-1.0,1.0,-0.414214],[1.0,-1.0,1.0,0.414214],[-1.0,-1.0,-0.414214,1.0],[-1.0,-1.0,0.414214,1.0],[-1.0,-1.0,1.0,-0.414214],[-1.0,-1.0,1.0,0.414214],[-0.414214,1.0,-1.0,1.0],[0.414214,1.0,-1.0,1.0],[1.0,-0.414214,-1.0,1.0],[1.0,0.414214,-1.0,1.0],[1.0,1.0,-1.0,-0.414214],[1.0,1.0,-1.0,0.414214],[-1.0,-0.414214,-1.0,1.0],[-1.0,0.414214,-1.0,1.0],[-1.0,1.0,-1.0,-0.414214],[-1.0,1.0,-1.0,0.414214],[-0.414214,-1.0,-1.0,1.0],[0.414214,-1.0,-1.0,1.0],[1.0,-1.0,-1.0,-0.414214],[1.0,-1.0,-1.0,0.414214],[-1.0,-1.0,-1.0,-0.414214],[-1.0,-1.0,-1.0,0.414214],[-0.414214,1.0,1.0,-1.0],[0.414214,1.0,1.0,-1.0],[1.0,-0.414214,1.0,-1.0],[1.0,0.414214,1.0,-1.0],[1.0,1.0,-0.414214,-1.0],[1.0,1.0,0.414214,-1.0],[-1.0,-0.414214,1.0,-1.0],[-1.0,0.414214,1.0,-1.0],[-1.0,1.0,-0.414214,-1.0],[-1.0,1.0,0.414214,-1.0],[-0.414214,-1.0,1.0,-1.0],[0.414214,-1.0,1.0,-1.0],[1.0,-1.0,-0.414214,-1.0],[1.0,-1.0,0.414214,-1.0],[-1.0,-1.0,-0.414214,-1.0],[-1.0,-1.0,0.414214,-1.0],[-0.414214,1.0,-1.0,-1.0],[0.414214,1.0,-1.0,-1.0],[1.0,-0.414214,-1.0,-1.0],[1.0,0.414214,-1.0,-1.0],[-1.0,-0.414214,-1.0,-1.0],[-1.0,0.414214,-1.0,-1.0],[-0.414214,-1.0,-1.0,-1.0],[0.414214,-1.0,-1.0,-1.0]],"facetCenters":[[-1.0,0.0,0.0,0.0],[0.0,-1.0,0.0,0.0],[0.0,0.0,-1.0,0.0],[0.0,0.0,0.0,-1.0],[1.0,0.0,0.0,0.0],[0.0,1.0,0.0,0.0],[0.0,0.0,1.0,0.0],[0.0,0.0,0.0,1.0],[-0.5,-0.5,-0.5,-0.5],[-0.5,-0.5,-0.5,0.5],[-0.5,-0.5,0.5,-0.5],[-0.5,-0.5,0.5,0.5],[-0.5,0.5,-0.5,-0.5],[-0.5,0.5,-0.5,0.5],[-0.5,0.5,0.5,-0.5],[-0.5,0.5,0.5,0.5],[0.5,-0.5,-0.5,-0.5],[0.5,-0.5,-0.5,0.5],[0.5,-0.5,0.5,-0.5],[0.5,-0.5,0.5,0.5],[0.5,0.5,-0.5,-0.5],[0.5,0.5,-0.5,0.5],[0.5,0.5,0.5,-0.5],[0.5,0.5,0.5,0.5]],"faces":[[20,39,38,54,55,22,23,21],[30,39,38,60,61,32,33,31],[46,55,54,60,61,48,49,47],[10,33,32,48,49,12,13,11],[8,23,22,46,47,12,13,9],[8,21,20,30,31,10,11,9],[34,39,38,62,63,36,37,35],[50,55,54,62,63,52,53,51],[16,37,36,52,53,18,19,17],[14,23,22,50,51,18,19,15],[14,21,20,34,35,16,17,15],[56,61,60,62,63,58,59,57],[26,37,36,58,59,28,29,27],[24,33,32,56,57,28,29,25],[24,31,30,34,35,26,27,25],[42,53,52,58,59,44,45,43],[40,49,48,56,57,44,45,41],[40,47,46,50,51,42,43,41],[4,29,28,44,45,6,7,5],[2,19,18,42,43,6,7,3],[2,17,16,26,27,4,5,3],[0,13,12,40,41,6,7,1],[0,11,10,24,25,4,5,1],[0,9,8,14,15,2,3,1],[38,54,60],[20,30,39],[22,46,55],[8,21,23],[32,48,61],[10,31,33],[12,47,49],[9,11,13],[38,54,62],[20,34,39],[22,50,55],[14,21,23],[36,52,63],[16,35,37],[18,51,53],[15,17,19],[38,60,62],[30,34,39],[32,56,61],[24,31,33],[36,58,63],[26,35,37],[28,57,59],[25,27,29],[54,60,62],[46,50,55],[48,56,61],[40,47,49],[52,58,63],[42,51,53],[44,57,59],[41,43,45],[36,52,58],[16,26,37],[18,42,53],[2,17,19],[28,44,59],[4,27,29],[6,43,45],[3,5,7],[32,48,56],[10,24,33],[12,40,49],[0,11,13],[28,44,57],[4,25,29],[6,41,45],[1,5,7],[22,46,50],[8,14,23],[12,40,47],[0,9,13],[18,42,51],[2,15,19],[6,41,43],[1,3,7],[20,30,34],[8,14,21],[10,24,31],[0,9,11],[16,26,35],[2,15,17],[4,25,27],[1,3,5]]}