{"vertices":[[-1.207107,-0.5,-0.5,-0.5],[-1.207107,-0.5,-0.5,0.5],[-1.207107,-0.5,0.5,-0.5],[-1.207107,-0.5,0.5,0.5],[-1.207107,0.5,-0.5,-0.5],[-1.207107,0.5,-0.5,0.5],[-1.207107,0.5,0.5,-0.5],[-1.207107,0.5,0.5,0.5],[-0.5,-1.207107,-0.5,-0.5],[-0.5,-1.207107,-0.5,0.5],[-0.5,-1.207107,0.5,-0.5],[-0.5,-1.207107,0.5,0.5],[0.5,-1.207107,-0.5,-0.5],[0.5,-1.207107,-0.5,0.5],[0.5,-1.207107,0.5,-0.5],[0.5,-1.207107,0.5,0.5],[-0.5,-0.5,-1.207107,-0.5],[-0.5,-0.5,-1.207107,0.5],[-0.5,0.5,-1.207107,-0.5],[-0.5,0.5,-1.207107,0.5],[0.5,-0.5,-1.207107,-0.5],[0.5,-0.5,-1.207107,0.5],[0.5,0.5,-1.207107,-0.5],[0.5,0.5,-1.207107,0.5],[-0.5,-0.5,-0.5,-1.207107],[-0.5,-0.5,0.5,-1.207107],[-0.5,0.5,-0.5,-1.207107],[-0.5,0.5,0.5,-1.207107],[0.5,-0.5,-0.5,-1.207107],[0.5,-0.5,0.5,-1.207107],[0.5,0.5,-0.5,-1.207107],[0.5,0.5,0.5,-1.207107],[1.207107,-0.5,-0.5,-0.5],[1.207107,-0.5,-0.5,0.5],[1.207107,-0.5,0.5,-0.5],[1.207107,-0.5,0.5,0.5],[1.207107,0.5,-0.5,-0.5],[1.207107,0.5,-0.5,0.5],[1.207107,0.5,0.5,-0.5],[1.207107,0.5,0.5,0.5],[-0.5,1.207107,-0.5,-0.5],[-0.5,1.207107,-0.5,0.5],[-0.5,1.207107,0.5,-0.5],[-0.5,1.207107,0.5,0.5],[0.5,1.207107,-0.5,-0.5],[0.5,1.207107,-0.5,0.5],[0.5,1.207107,0.5,-0.5],[0.5,1.207107,0.5,0.5],[-0.5,-0.5,1.207107,-0.5],[-0.5,-0.5,1.207107,0.5],[-0.5,0.5,1.207107,-0.5],[-0.5,0.5,1.207107,0.5],[0.5,-0.5,1.207107,-0.5],[0.5,-0.5,1.207107,0.5],[0.5,0.5,1.207107,-0.5],[0.5,0.5,1.207107,0.5],[-0.5,-0.5,-0.5,1.207107],[-0.5,-0.5,0.5,1.207107],[-0.5,0.5,-0.5,1.207107],[-0.5,0.5,0.5,1.207107],[0.5,-0.5,-0.5,1.207107],[0.5,-0.5,0.5,1.207107],[0.5,0.5,-0.5,1.207107],[0.5,0.5,0.5,1.207107]],"facetCenters":[[-1.0,0.0,0.0,0.0],[0.0,-1.0,0.0,0.0],[0.0,0.0,-1.0,0.0],[0.0,0.0,0.0,-1.0],[1.0,0.0,0.0,0.0],[0.0,1.0,0.0,0.0],[0.0,0.0,1.0,0.0],[0.0,0.0,0.0,1.0],[-0.5,-0.5,-0.5,-0.5],[-0.5,-0.5,-0.5,0.5],[-0.5,-0.5,0.5,-0.5],[-0.5,-0.5,0.5,0.5],[-0.5,0.5,-0.5,-0.5],[-0.5,0.5,-0.5,0.5],[-0.5,0.5,0.5,-0.5],[-0.5,0.5,0.5,0.5],[0.5,-0.5,-0.5,-0.5],[0.5,-0.5,-0.5,0.5],[0.5,-0.5,0.5,-0.5],[0.5,-0.5,0.5,0.5],[0.5,0.5,-0.5,-0.5],[0.5,0.5,-0.5,0.5],[0.5,0.5,0.5,-0.5],[0.5,0.5,0.5,0.5],[-0.707107,-0.707107,0.0,0.0],[-0.707107,0.0,-0.707107,0.0],[-0.707107,0.0,0.0,-0.707107],[0.0,-0.707107,-0.707107,0.0],[0.0,-0.707107,0.0,-0.707107],[0.0,0.0,-0.707107,-0.707107],[-0.707107,0.707107,0.0,0.0],[-0.707107,0.0,0.707107,0.0],[-0.707107,0.0,0.0,0.707107],[0.0,-0.707107,0.707107,0.0],[0.0,-0.707107,0.0,0.707107],[0.0,0.0,-0.707107,0.707107],[0.707107,-0.707107,0.0,0.0],[0.707107,0.0,-0.707107,0.0],[0.707107,0.0,0.0,-0.707107],[0.0,0.707107,-0.707107,0.0],[0.0,0.707107,0.0,-0.707107],[0.0,0.0,0.707107,-0.707107],[0.707107,0.707107,0.0,0.0],[0.707107,0.0,0.707107,0.0],[0.707107,0.0,0.0,0.707107],[0.0,0.707107,0.707107,0.0],[0.0,0.707107,0.0,0.707107],[0.0,0.0,0.707107,0.707107],[0.0,1.0,1.0,1.0],[1.0,0.0,1.0,1.0],[1.0,1.0,0.0,1.0],[1.0,1.0,1.0,0.0],[-1.0,0.0,1.0,1.0],[-1.0,1.0,0.0,1.0],[-1.0,1.0,1.0,0.0],[0.0,-1.0,1.0,1.0],[1.0,-1.0,0.0,1.0],[1.0,-1.0,1.0,0.0],[-1.0,-1.0,0.0,1.0],[-1.0,-1.0,1.0,0.0],[0.0,1.0,-1.0,1.0],[1.0,0.0,-1.0,1.0],[1.0,1.0,-1.0,0.0],[-1.0,0.0,-1.0,1.0],[-1.0,1.0,-1.0,0.0],[0.0,-1.0,-1.0,1.0],[1.0,-1.0,-1.0,0.0],[-1.0,-1.0,-1.0,0.0],[0.0,1.0,1.0,-1.0],[1.0,0.0,1.0,-1.0],[1.0,1.0,0.0,-1.0],[-1.0,0.0,1.0,-1.0],[-1.0,1.0,0.0,-1.0],[0.0,-1.0,1.0,-1.0],[1.0,-1.0,0.0,-1.0],[-1.0,-1.0,0.0,-1.0],[0.0,1.0,-1.0,-1.0],[1.0,0.0,-1.0,-1.0],[-1.0,0.0,-1.0,-1.0],[0.0,-1.0,-1.0,-1.0]],"faces":[[0,2,3,1],[0,4,5,1],[0,4,6,2],[4,6,7,5],[2,6,7,3],[1,5,7,3],[8,10,11,9],[8,12,13,9],[8,12,14,10],[10,14,15,11],[9,13,15,11],[12,14,15,13],[16,18,19,17],[16,20,21,17],[16,20,22,18],[17,21,23,19],[20,22,23,21],[18,22,23,19],[24,26,27,25],[24,28,29,25],[24,28,30,26],[28,30,31,29],[26,30,31,27],[25,29,31,27],[32,34,35,33],[32,36,37,33],[32,36,38,34],[36,38,39,37],[34,38,39,35],[33,37,39,35],[40,42,43,41],[40,44,45,41],[40,44,46,42],[44,46,47,45],[42,46,47,43],[41,45,47,43],[48,50,51,49],[48,52,53,49],[48,52,54,50],[52,54,55,53],[50,54,55,51],[49,53,55,51],[56,58,59,57],[56,60,61,57],[56,60,62,58],[60,62,63,61],[58,62,63,59],[57,61,63,59],[1,9,11,3],[2,10,11,3],[0,8,9,1],[0,8,10,2],[1,17,19,5],[4,18,19,5],[0,16,17,1],[0,16,18,4],[2,25,27,6],[4,26,27,6],[0,24,25,2],[0,24,26,4],[9,17,21,13],[12,20,21,13],[8,16,17,9],[8,16,20,12],[10,25,29,14],[12,28,29,14],[8,24,25,10],[8,24,28,12],[18,26,30,22],[20,28,30,22],[16,24,26,18],[16,24,28,20],[5,41,43,7],[6,42,43,7],[4,40,41,5],[4,40,42,6],[3,49,51,7],[6,50,51,7],[2,48,49,3],[2,48,50,6],[3,57,59,7],[5,58,59,7],[1,56,57,3],[1,56,58,5],[11,49,53,15],[14,52,53,15],[10,48,49,11],[10,48,52,14],[11,57,61,15],[13,60,61,15],[9,56,57,11],[9,56,60,13],[19,58,62,23],[21,60,62,23],[17,56,58,19],[17,56,60,21],[13,33,35,15],[14,34,35,15],[12,32,33,13],[12,32,34,14],[21,33,37,23],[22,36,37,23],[20,32,33,21],[20,32,36,22],[29,34,38,31],[30,36,38,31],[28,32,34,29],[28,32,36,30],[19,41,45,23],[22,44,45,23],[18,40,41,19],[18,40,44,22],[27,42,46,31],[30,44,46,31],[26,40,42,27],[26,40,44,30],[27,50,54,31],[29,52,54,31],[25,48,50,27],[25,48,52,29],[37,45,47,39],[38,46,47,39],[36,44,45,37],[36,44,46,38],[35,53,55,39],[38,54,55,39],[34,52,53,35],[34,52,54,38],[35,61,63,39],[37,62,63,39],[33,60,61,35],[33,60,62,37],[43,51,55,47],[46,54,55,47],[42,50,51,43],[42,50,54,46],[43,59,63,47],[45,62,63,47],[41,58,59,43],[41,58,62,45],[51,59,63,55],[53,61,63,55],[49,57,59,51],[49,57,61,53],[0,8,16],[0,8,24],[0,16,24],[8,16,24],[1,9,56],[1,17,56],[9,17,56],[1,9,17],[2,10,48],[2,25,48],[10,25,48],[2,10,25],[3,49,57],[11,49,57],[3,11,57],[3,11,49],[4,18,40],[4,26,40],[18,26,40],[4,18,26],[5,41,58],[19,41,58],[5,19,58],[5,19,41],[6,42,50],[27,42,50],[6,27,50],[6,27,42],[43,51,59],[7,51,59],[7,43,59],[7,43,51],[12,20,32],[12,28,32],[20,28,32],[12,20,28],[13,33,60],[21,33,60],[13,21,60],[13,21,33],[14,34,52],[29,34,52],[14,29,52],[14,29,34],[35,53,61],[15,53,61],[15,35,61],[15,35,53],[22,36,44],[30,36,44],[22,30,44],[22,30,36],[37,45,62],[23,45,62],[23,37,62],[23,37,45],[38,46,54],[31,46,54],[31,38,54],[31,38,46],[47,55,63],[39,55,63],[39,47,63],[39,47,55]]}